School Name,State,Sport,TeamID,Notes
Abundant Life Christian High School,WI,Boys Baseball,155989,
Abundant Life Christian High School,WI,Boys Basketball,155276,
Abundant Life Christian High School,WI,Boys Football 8-Player,154196,
Abundant Life Christian High School,WI,Boys Golf,140521,
Abundant Life Christian High School,WI,Boys Track and Field,155898,
Abundant Life Christian High School,WI,Girls Basketball,155280,
Abundant Life Christian High School,WI,Girls Track and Field,155899,
Abundant Life Christian High School,WI,Girls Volleyball,153983,
Adams-Friendship High School,WI,Boys Baseball,141051,
Adams-Friendship High School,WI,Boys Basketball,141445,
Adams-Friendship High School,WI,Boys Cross Country,143386,
Adams-Friendship High School,WI,Boys Football,146070,
Adams-Friendship High School,WI,Boys Golf,142283,
Adams-Friendship High School,WI,Boys Soccer,142793,
Adams-Friendship High School,WI,Boys Track and Field,145430,
Adams-Friendship High School,WI,Boys Wrestling,144809,
Adams-Friendship High School,WI,Girls Basketball,141893,
Adams-Friendship High School,WI,Girls Cross Country,143047,
Adams-Friendship High School,WI,Girls Golf,152346,
Adams-Friendship High School,WI,Girls Soccer,144368,
Adams-Friendship High School,WI,Girls Softball,145048,
Adams-Friendship High School,WI,Girls Track and Field,145816,
Adams-Friendship High School,WI,Girls Volleyball,143723,
Adams-Friendship High School,WI,Girls Wrestling,149616,
Albany High School,WI,Boys Basketball,141631,
Albany High School,WI,Boys Cross Country,143490,
Albany High School,WI,Boys Track and Field,145566,
Albany High School,WI,Girls Basketball,139779,
Albany High School,WI,Girls Cross Country,143148,
Albany High School,WI,Girls Track and Field,145949,
Albany High School,WI,Girls Volleyball,143955,
Algoma High School,WI,Boys Baseball,141142,
Algoma High School,WI,Boys Basketball,141539,
Algoma High School,WI,Boys Cross Country,143491,
Algoma High School,WI,Boys Football 8-Player,147015,
Algoma High School,WI,Boys Soccer,142848,
Algoma High School,WI,Boys Track and Field,145567,
Algoma High School,WI,Girls Basketball,141987,
Algoma High School,WI,Girls Cross Country,143149,
Algoma High School,WI,Girls Softball,145191,
Algoma High School,WI,Girls Track and Field,145950,
Algoma High School,WI,Girls Volleyball,143838,
Almond-Bancroft High School,WI,Boys Baseball,141225,
Almond-Bancroft High School,WI,Boys Basketball,141632,
Almond-Bancroft High School,WI,Boys Football 8-Player,147157,
Almond-Bancroft High School,WI,Boys Track and Field,145568,
Almond-Bancroft High School,WI,Boys Wrestling,153856,
Almond-Bancroft High School,WI,Girls Basketball,142077,
Almond-Bancroft High School,WI,Girls Softball,145253,
Almond-Bancroft High School,WI,Girls Track and Field,145951,
Almond-Bancroft High School,WI,Girls Volleyball,143956,
Almond-Bancroft High School,WI,Girls Wrestling,153857,
Amherst High School,WI,Boys Baseball,141143,
Amherst High School,WI,Boys Basketball,141448,
Amherst High School,WI,Boys Cross Country,143492,
Amherst High School,WI,Boys Football,146073,
Amherst High School,WI,Boys Golf,142286,
Amherst High School,WI,Boys Soccer,147115,
Amherst High School,WI,Boys Track and Field,145433,
Amherst High School,WI,Boys Wrestling,144875,
Amherst High School,WI,Girls Basketball,141896,
Amherst High School,WI,Girls Cross Country,143150,
Amherst High School,WI,Girls Golf,153979,
Amherst High School,WI,Girls Soccer,154064,
Amherst High School,WI,Girls Softball,145120,
Amherst High School,WI,Girls Track and Field,145819,
Amherst High School,WI,Girls Volleyball,143839,
Amherst High School,WI,Girls Wrestling,147622,
Antigo High School,WI,Boys Baseball,141054,
Antigo High School,WI,Boys Basketball,141360,
Antigo High School,WI,Boys Cross Country,143389,
Antigo High School,WI,Boys Football,146074,
Antigo High School,WI,Boys Golf,142287,
Antigo High School,WI,Boys Hockey,140040,
Antigo High School,WI,Boys Soccer,142795,
Antigo High School,WI,Boys Swimming & Diving,147038,
Antigo High School,WI,Boys Tennis,142627,
Antigo High School,WI,Boys Track and Field,145434,
Antigo High School,WI,Boys Wrestling,144811,
Antigo High School,WI,Girls Basketball,141808,
Antigo High School,WI,Girls Cross Country,143050,
Antigo High School,WI,Girls Gymnastics,144079,
Antigo High School,WI,Girls Soccer,144370,
Antigo High School,WI,Girls Softball,147128,
Antigo High School,WI,Girls Swimming & Diving,153993,
Antigo High School,WI,Girls Tennis,144658,
Antigo High School,WI,Girls Track and Field,145820,
Antigo High School,WI,Girls Volleyball,143726,
Antigo High School,WI,Girls Wrestling,147317,
Appleton East High School,WI,Boys Baseball,140967,
Appleton East High School,WI,Boys Basketball,141292,
Appleton East High School,WI,Boys Cross Country,143271,
Appleton East High School,WI,Boys Football,146075,
Appleton East High School,WI,Boys Golf,142173,
Appleton East High School,WI,Boys Lacrosse-Boys,140730,
Appleton East High School,WI,Boys Soccer,142681,
Appleton East High School,WI,Boys Tennis,142522,
Appleton East High School,WI,Boys Track and Field,145305,
Appleton East High School,WI,Boys Volleyball,142893,
Appleton East High School,WI,Boys Wrestling,144715,
Appleton East High School,WI,Girls Basketball,141741,
Appleton East High School,WI,Girls Cross Country,142933,
Appleton East High School,WI,Girls Golf,144127,
Appleton East High School,WI,Girls Lacrosse-Girls,140765,
Appleton East High School,WI,Girls Soccer,144255,
Appleton East High School,WI,Girls Softball,144950,
Appleton East High School,WI,Girls Swimming & Diving,139153,
Appleton East High School,WI,Girls Tennis,144538,
Appleton East High School,WI,Girls Track and Field,145688,
Appleton East High School,WI,Girls Volleyball,143613,
Appleton East High School,WI,Girls Wrestling,155645,
Appleton North High School,WI,Boys Baseball,140968,
Appleton North High School,WI,Boys Basketball,141293,
Appleton North High School,WI,Boys Cross Country,143272,
Appleton North High School,WI,Boys Football,146076,
Appleton North High School,WI,Boys Golf,142174,
Appleton North High School,WI,Boys Hockey,155515,
Appleton North High School,WI,Boys Soccer,142682,
Appleton North High School,WI,Boys Swimming & Diving,139836,
Appleton North High School,WI,Boys Tennis,142523,
Appleton North High School,WI,Boys Track and Field,145306,
Appleton North High School,WI,Boys Volleyball,142894,
Appleton North High School,WI,Boys Wrestling,144716,
Appleton North High School,WI,Girls Basketball,141742,
Appleton North High School,WI,Girls Cross Country,142934,
Appleton North High School,WI,Girls Golf,144128,
Appleton North High School,WI,Girls Soccer,144256,
Appleton North High School,WI,Girls Softball,144951,
Appleton North High School,WI,Girls Swimming & Diving,144462,
Appleton North High School,WI,Girls Tennis,144539,
Appleton North High School,WI,Girls Track and Field,145689,
Appleton North High School,WI,Girls Volleyball,143614,
Appleton North High School,WI,Girls Wrestling,149576,
Appleton West High School,WI,Boys Baseball,140969,
Appleton West High School,WI,Boys Basketball,141294,
Appleton West High School,WI,Boys Cross Country,143273,
Appleton West High School,WI,Boys Football,146077,
Appleton West High School,WI,Boys Golf,142175,
Appleton West High School,WI,Boys Soccer,142683,
Appleton West High School,WI,Boys Swimming & Diving,139838,
Appleton West High School,WI,Boys Tennis,142524,
Appleton West High School,WI,Boys Track and Field,145307,
Appleton West High School,WI,Boys Volleyball,142895,
Appleton West High School,WI,Boys Wrestling,144717,
Appleton West High School,WI,Girls Basketball,141743,
Appleton West High School,WI,Girls Cross Country,142935,
Appleton West High School,WI,Girls Golf,144129,
Appleton West High School,WI,Girls Soccer,144257,
Appleton West High School,WI,Girls Softball,144952,
Appleton West High School,WI,Girls Swimming & Diving,154590,
Appleton West High School,WI,Girls Tennis,153079,
Appleton West High School,WI,Girls Track and Field,145690,
Appleton West High School,WI,Girls Volleyball,143615,
Appleton West High School,WI,Girls Wrestling,150706,
Arcadia High School,WI,Boys Baseball,141055,
Arcadia High School,WI,Boys Basketball,141449,
Arcadia High School,WI,Boys Cross Country,143390,
Arcadia High School,WI,Boys Football,146079,
Arcadia High School,WI,Boys Golf,142288,
Arcadia High School,WI,Boys Soccer,142850,
Arcadia High School,WI,Boys Track and Field,145436,
Arcadia High School,WI,Boys Wrestling,144877,
Arcadia High School,WI,Girls Basketball,141897,
Arcadia High School,WI,Girls Cross Country,143051,
Arcadia High School,WI,Girls Golf,149643,
Arcadia High School,WI,Girls Soccer,156068,
Arcadia High School,WI,Girls Softball,145122,
Arcadia High School,WI,Girls Track and Field,145822,
Arcadia High School,WI,Girls Volleyball,143841,
Arcadia High School,WI,Girls Wrestling,149574,
Argyle High School,WI,Boys Baseball,140477,
Argyle High School,WI,Boys Basketball,141633,
Argyle High School,WI,Boys Cross Country,154444,
Argyle High School,WI,Boys Golf,156023,
Argyle High School,WI,Boys Track and Field,156171,
Argyle High School,WI,Girls Basketball,139783,
Argyle High School,WI,Girls Cross Country,154489,
Argyle High School,WI,Girls Softball,140594,
Argyle High School,WI,Girls Track and Field,156201,
Argyle High School,WI,Girls Volleyball,143957,
Arrowhead High School,WI,Boys Baseball,140970,
Arrowhead High School,WI,Boys Basketball,141295,
Arrowhead High School,WI,Boys Cross Country,143274,
Arrowhead High School,WI,Boys Football,146080,
Arrowhead High School,WI,Boys Golf,142176,
Arrowhead High School,WI,Boys Hockey,144096,
Arrowhead High School,WI,Boys Lacrosse-Boys,153942,
Arrowhead High School,WI,Boys Soccer,142684,
Arrowhead High School,WI,Boys Swimming & Diving,142466,
Arrowhead High School,WI,Boys Tennis,142525,
Arrowhead High School,WI,Boys Track and Field,145308,
Arrowhead High School,WI,Boys Volleyball,142896,
Arrowhead High School,WI,Boys Wrestling,144718,
Arrowhead High School,WI,Girls Basketball,141744,
Arrowhead High School,WI,Girls Cross Country,142936,
Arrowhead High School,WI,Girls Golf,144130,
Arrowhead High School,WI,Girls Gymnastics,144063,
Arrowhead High School,WI,Girls Hockey,155583,
Arrowhead High School,WI,Girls Lacrosse-Girls,153926,
Arrowhead High School,WI,Girls Soccer,144258,
Arrowhead High School,WI,Girls Softball,144953,
Arrowhead High School,WI,Girls Swimming & Diving,144463,
Arrowhead High School,WI,Girls Tennis,144540,
Arrowhead High School,WI,Girls Track and Field,145691,
Arrowhead High School,WI,Girls Volleyball,143616,
Arrowhead High School,WI,Girls Wrestling,149558,
Ashwaubenon High School,WI,Boys Baseball,140971,
Ashwaubenon High School,WI,Boys Basketball,141362,
Ashwaubenon High School,WI,Boys Cross Country,143275,
Ashwaubenon High School,WI,Boys Football,146082,
Ashwaubenon High School,WI,Boys Golf,142177,
Ashwaubenon High School,WI,Boys Hockey,140046,
Ashwaubenon High School,WI,Boys Soccer,142734,
Ashwaubenon High School,WI,Boys Swimming & Diving,142493,
Ashwaubenon High School,WI,Boys Tennis,142526,
Ashwaubenon High School,WI,Boys Track and Field,145309,
Ashwaubenon High School,WI,Boys Wrestling,144719,
Ashwaubenon High School,WI,Girls Basketball,141810,
Ashwaubenon High School,WI,Girls Cross Country,142937,
Ashwaubenon High School,WI,Girls Golf,144131,
Ashwaubenon High School,WI,Girls Soccer,144311,
Ashwaubenon High School,WI,Girls Softball,144954,
Ashwaubenon High School,WI,Girls Swimming & Diving,144505,
Ashwaubenon High School,WI,Girls Tennis,144541,
Ashwaubenon High School,WI,Girls Track and Field,145692,
Ashwaubenon High School,WI,Girls Volleyball,143617,
Ashwaubenon High School,WI,Girls Wrestling,150722,
Badger High School,WI,Boys Baseball,140972,
Badger High School,WI,Boys Basketball,141296,
Badger High School,WI,Boys Cross Country,143276,
Badger High School,WI,Boys Football,146086,
Badger High School,WI,Boys Golf,142178,
Badger High School,WI,Boys Soccer,142685,
Badger High School,WI,Boys Swimming & Diving,155346,
Badger High School,WI,Boys Tennis,142527,
Badger High School,WI,Boys Track and Field,145310,
Badger High School,WI,Boys Wrestling,144720,
Badger High School,WI,Girls Basketball,141745,
Badger High School,WI,Girls Cross Country,142938,
Badger High School,WI,Girls Golf,153996,
Badger High School,WI,Girls Soccer,144259,
Badger High School,WI,Girls Softball,144955,
Badger High School,WI,Girls Swimming & Diving,154592,
Badger High School,WI,Girls Tennis,144542,
Badger High School,WI,Girls Track and Field,145693,
Badger High School,WI,Girls Volleyball,143618,
Badger High School,WI,Girls Wrestling,149572,
Bangor High School,WI,Boys Baseball,141229,
Bangor High School,WI,Boys Basketball,141636,
Bangor High School,WI,Boys Cross Country,143498,
Bangor High School,WI,Boys Football,146088,
Bangor High School,WI,Boys Track and Field,145573,
Bangor High School,WI,Girls Basketball,142080,
Bangor High School,WI,Girls Cross Country,143156,
Bangor High School,WI,Girls Softball,145256,
Bangor High School,WI,Girls Track and Field,145956,
Bangor High School,WI,Girls Volleyball,143960,
Baraboo High School,WI,Boys Baseball,140973,
Baraboo High School,WI,Boys Basketball,141363,
Baraboo High School,WI,Boys Cross Country,143277,
Baraboo High School,WI,Boys Football,146089,
Baraboo High School,WI,Boys Golf,142179,
Baraboo High School,WI,Boys Hockey,155519,
Baraboo High School,WI,Boys Soccer,142735,
Baraboo High School,WI,Boys Swimming & Diving,142494,
Baraboo High School,WI,Boys Tennis,142528,
Baraboo High School,WI,Boys Track and Field,145311,
Baraboo High School,WI,Boys Wrestling,144721,
Baraboo High School,WI,Girls Basketball,141811,
Baraboo High School,WI,Girls Cross Country,142939,
Baraboo High School,WI,Girls Golf,144132,
Baraboo High School,WI,Girls Gymnastics,144080,
Baraboo High School,WI,Girls Soccer,144312,
Baraboo High School,WI,Girls Softball,144956,
Baraboo High School,WI,Girls Swimming & Diving,144506,
Baraboo High School,WI,Girls Tennis,144543,
Baraboo High School,WI,Girls Track and Field,145694,
Baraboo High School,WI,Girls Volleyball,143619,
Baraboo High School,WI,Girls Wrestling,147575,
Barneveld High School,WI,Boys Baseball,141230,
Barneveld High School,WI,Boys Basketball,141637,
Barneveld High School,WI,Boys Golf,142384,
Barneveld High School,WI,Girls Basketball,142081,
Barneveld High School,WI,Girls Softball,145257,
Barneveld High School,WI,Girls Volleyball,143961,
Bay Port High School,WI,Boys Baseball,140974,
Bay Port High School,WI,Boys Basketball,141297,
Bay Port High School,WI,Boys Cross Country,143278,
Bay Port High School,WI,Boys Football,146091,
Bay Port High School,WI,Boys Golf,142180,
Bay Port High School,WI,Boys Lacrosse-Boys,153943,
Bay Port High School,WI,Boys Soccer,142686,
Bay Port High School,WI,Boys Swimming & Diving,142467,
Bay Port High School,WI,Boys Tennis,142529,
Bay Port High School,WI,Boys Track and Field,149654,
Bay Port High School,WI,Boys Wrestling,144722,
Bay Port High School,WI,Girls Basketball,141746,
Bay Port High School,WI,Girls Cross Country,142940,
Bay Port High School,WI,Girls Golf,144133,
Bay Port High School,WI,Girls Lacrosse-Girls,153927,
Bay Port High School,WI,Girls Soccer,144260,
Bay Port High School,WI,Girls Softball,144957,
Bay Port High School,WI,Girls Swimming & Diving,144464,
Bay Port High School,WI,Girls Tennis,144544,
Bay Port High School,WI,Girls Track and Field,145695,
Bay Port High School,WI,Girls Volleyball,143620,
Bay Port High School,WI,Girls Wrestling,147272,
Beaver Dam High School,WI,Boys Baseball,140975,
Beaver Dam High School,WI,Boys Basketball,141364,
Beaver Dam High School,WI,Boys Cross Country,143279,
Beaver Dam High School,WI,Boys Football,146092,
Beaver Dam High School,WI,Boys Golf,142181,
Beaver Dam High School,WI,Boys Hockey,140048,
Beaver Dam High School,WI,Boys Soccer,142736,
Beaver Dam High School,WI,Boys Swimming & Diving,139840,
Beaver Dam High School,WI,Boys Tennis,142530,
Beaver Dam High School,WI,Boys Track and Field,145312,
Beaver Dam High School,WI,Boys Wrestling,152321,
Beaver Dam High School,WI,Girls Basketball,141812,
Beaver Dam High School,WI,Girls Cross Country,142941,
Beaver Dam High School,WI,Girls Golf,153981,
Beaver Dam High School,WI,Girls Hockey,155585,
Beaver Dam High School,WI,Girls Soccer,144313,
Beaver Dam High School,WI,Girls Softball,144958,
Beaver Dam High School,WI,Girls Swimming & Diving,139154,
Beaver Dam High School,WI,Girls Tennis,144545,
Beaver Dam High School,WI,Girls Track and Field,145696,
Beaver Dam High School,WI,Girls Volleyball,143621,
Beaver Dam High School,WI,Girls Wrestling,152322,
Belleville High School,WI,Boys Baseball,141146,
Belleville High School,WI,Boys Basketball,141543,
Belleville High School,WI,Boys Cross Country,143499,
Belleville High School,WI,Boys Football,146093,
Belleville High School,WI,Boys Soccer,139113,
Belleville High School,WI,Boys Track and Field,154070,
Belleville High School,WI,Boys Wrestling,139882,
Belleville High School,WI,Girls Basketball,141991,
Belleville High School,WI,Girls Cross Country,143157,
Belleville High School,WI,Girls Soccer,156070,
Belleville High School,WI,Girls Softball,145124,
Belleville High School,WI,Girls Track and Field,154071,
Belleville High School,WI,Girls Volleyball,143844,
Belleville High School,WI,Girls Wrestling,139968,
Belmont High School,WI,Boys Baseball,141232,
Belmont High School,WI,Boys Basketball,141639,
Belmont High School,WI,Boys Football 8-Player,147016,
Belmont High School,WI,Boys Track and Field,145574,
Belmont High School,WI,Boys Wrestling,139884,
Belmont High School,WI,Girls Basketball,142083,
Belmont High School,WI,Girls Softball,145258,
Belmont High School,WI,Girls Track and Field,145957,
Belmont High School,WI,Girls Volleyball,143963,
Belmont High School,WI,Girls Wrestling,139970,
Beloit Memorial High School,WI,Boys Baseball,140976,
Beloit Memorial High School,WI,Boys Basketball,141298,
Beloit Memorial High School,WI,Boys Cross Country,143280,
Beloit Memorial High School,WI,Boys Football,146094,
Beloit Memorial High School,WI,Boys Golf,142182,
Beloit Memorial High School,WI,Boys Hockey,140050,
Beloit Memorial High School,WI,Boys Soccer,142687,
Beloit Memorial High School,WI,Boys Swimming & Diving,142468,
Beloit Memorial High School,WI,Boys Tennis,142531,
Beloit Memorial High School,WI,Boys Track and Field,145313,
Beloit Memorial High School,WI,Boys Volleyball,142897,
Beloit Memorial High School,WI,Boys Wrestling,144723,
Beloit Memorial High School,WI,Girls Basketball,141747,
Beloit Memorial High School,WI,Girls Cross Country,142942,
Beloit Memorial High School,WI,Girls Golf,144134,
Beloit Memorial High School,WI,Girls Soccer,147130,
Beloit Memorial High School,WI,Girls Softball,144959,
Beloit Memorial High School,WI,Girls Swimming & Diving,144465,
Beloit Memorial High School,WI,Girls Tennis,144546,
Beloit Memorial High School,WI,Girls Track and Field,145697,
Beloit Memorial High School,WI,Girls Volleyball,143622,
Beloit Memorial High School,WI,Girls Wrestling,149577,
Benton High School,WI,Boys Basketball,141640,
Benton High School,WI,Boys Football,154136,
Benton High School,WI,Boys Track and Field,156173,
Benton High School,WI,Girls Basketball,142084,
Benton High School,WI,Girls Softball,156111,
Benton High School,WI,Girls Track and Field,156203,
Benton High School,WI,Girls Volleyball,143964,
Berlin High School,WI,Boys Baseball,141059,
Berlin High School,WI,Boys Basketball,141452,
Berlin High School,WI,Boys Cross Country,143394,
Berlin High School,WI,Boys Football,146095,
Berlin High School,WI,Boys Golf,142292,
Berlin High School,WI,Boys Soccer,142797,
Berlin High School,WI,Boys Swimming & Diving,155348,
Berlin High School,WI,Boys Track and Field,145440,
Berlin High School,WI,Boys Wrestling,144815,
Berlin High School,WI,Girls Basketball,141900,
Berlin High School,WI,Girls Cross Country,143055,
Berlin High School,WI,Girls Soccer,144373,
Berlin High School,WI,Girls Softball,145052,
Berlin High School,WI,Girls Swimming & Diving,154605,
Berlin High School,WI,Girls Track and Field,145826,
Berlin High School,WI,Girls Volleyball,143731,
Berlin High School,WI,Girls Wrestling,153881,
Big Foot High School,WI,Boys Baseball,141060,
Big Foot High School,WI,Boys Basketball,141453,
Big Foot High School,WI,Boys Cross Country,138992,
Big Foot High School,WI,Boys Football,146096,
Big Foot High School,WI,Boys Golf,142293,
Big Foot High School,WI,Boys Soccer,139117,
Big Foot High School,WI,Boys Tennis,140644,
Big Foot High School,WI,Boys Track and Field,156175,
Big Foot High School,WI,Boys Wrestling,155394,
Big Foot High School,WI,Girls Basketball,141901,
Big Foot High School,WI,Girls Cross Country,154697,
Big Foot High School,WI,Girls Golf,154127,
Big Foot High School,WI,Girls Soccer,140565,
Big Foot High School,WI,Girls Softball,145053,
Big Foot High School,WI,Girls Tennis,139203,
Big Foot High School,WI,Girls Track and Field,156205,
Big Foot High School,WI,Girls Volleyball,143732,
Big Foot High School,WI,Girls Wrestling,155456,
Black Hawk High School,WI,Boys Basketball,141642,
Black Hawk High School,WI,Boys Football,154138,
Black Hawk High School,WI,Boys Track and Field,145575,
Black Hawk High School,WI,Boys Wrestling,139886,
Black Hawk High School,WI,Girls Basketball,142086,
Black Hawk High School,WI,Girls Track and Field,145958,
Black Hawk High School,WI,Girls Volleyball,143966,
Black Hawk High School,WI,Girls Wrestling,139972,
Black River Falls High School,WI,Boys Baseball,150453,
Black River Falls High School,WI,Boys Basketball,141454,
Black River Falls High School,WI,Boys Cross Country,143395,
Black River Falls High School,WI,Boys Football,146097,
Black River Falls High School,WI,Boys Golf,142294,
Black River Falls High School,WI,Boys Hockey,140052,
Black River Falls High School,WI,Boys Soccer,154555,
Black River Falls High School,WI,Boys Tennis,142630,
Black River Falls High School,WI,Boys Track and Field,145441,
Black River Falls High School,WI,Boys Wrestling,139887,
Black River Falls High School,WI,Girls Basketball,141902,
Black River Falls High School,WI,Girls Cross Country,143056,
Black River Falls High School,WI,Girls Golf,144216,
Black River Falls High School,WI,Girls Hockey,140078,
Black River Falls High School,WI,Girls Softball,145054,
Black River Falls High School,WI,Girls Swimming & Diving,154607,
Black River Falls High School,WI,Girls Tennis,144664,
Black River Falls High School,WI,Girls Track and Field,145827,
Black River Falls High School,WI,Girls Volleyball,143733,
Black River Falls High School,WI,Girls Wrestling,139973,
Boscobel High School,WI,Boys Baseball,141148,
Boscobel High School,WI,Boys Basketball,141545,
Boscobel High School,WI,Boys Cross Country,143502,
Boscobel High School,WI,Boys Football,146101,
Boscobel High School,WI,Boys Track and Field,145577,
Boscobel High School,WI,Boys Wrestling,155398,
Boscobel High School,WI,Girls Basketball,141993,
Boscobel High School,WI,Girls Cross Country,143160,
Boscobel High School,WI,Girls Softball,145194,
Boscobel High School,WI,Girls Track and Field,145960,
Boscobel High School,WI,Girls Volleyball,143846,
Boscobel High School,WI,Girls Wrestling,155460,
Brillion High School,WI,Boys Baseball,141150,
Brillion High School,WI,Boys Basketball,141456,
Brillion High School,WI,Boys Cross Country,143504,
Brillion High School,WI,Boys Football,146103,
Brillion High School,WI,Boys Golf,142296,
Brillion High School,WI,Boys Track and Field,145444,
Brillion High School,WI,Boys Wrestling,144882,
Brillion High School,WI,Girls Basketball,141904,
Brillion High School,WI,Girls Cross Country,143162,
Brillion High School,WI,Girls Softball,145127,
Brillion High School,WI,Girls Track and Field,145830,
Brillion High School,WI,Girls Volleyball,143848,
Brillion High School,WI,Girls Wrestling,153896,
Brodhead High School,WI,Boys Baseball,140479,
Brodhead High School,WI,Boys Basketball,141457,
Brodhead High School,WI,Boys Cross Country,138994,
Brodhead High School,WI,Boys Football,154140,
Brodhead High School,WI,Boys Golf,142297,
Brodhead High School,WI,Boys Track and Field,140660,
Brodhead High School,WI,Boys Wrestling,139889,
Brodhead High School,WI,Girls Basketball,141905,
Brodhead High School,WI,Girls Cross Country,139035,
Brodhead High School,WI,Girls Softball,145128,
Brodhead High School,WI,Girls Track and Field,140699,
Brodhead High School,WI,Girls Volleyball,143849,
Brodhead High School,WI,Girls Wrestling,139974,
Brookfield Academy High School,WI,Boys Baseball,141151,
Brookfield Academy High School,WI,Boys Basketball,141458,
Brookfield Academy High School,WI,Boys Cross Country,143505,
Brookfield Academy High School,WI,Boys Football,146104,
Brookfield Academy High School,WI,Boys Golf,142298,
Brookfield Academy High School,WI,Boys Soccer,142852,
Brookfield Academy High School,WI,Boys Swimming & Diving,142495,
Brookfield Academy High School,WI,Boys Tennis,142631,
Brookfield Academy High School,WI,Boys Track and Field,145445,
Brookfield Academy High School,WI,Girls Basketball,141906,
Brookfield Academy High School,WI,Girls Cross Country,143163,
Brookfield Academy High School,WI,Girls Soccer,144421,
Brookfield Academy High School,WI,Girls Softball,153903,
Brookfield Academy High School,WI,Girls Tennis,144666,
Brookfield Academy High School,WI,Girls Track and Field,145831,
Brookfield Academy High School,WI,Girls Volleyball,143850,
Brookfield Central High School,WI,Boys Baseball,146891,
Brookfield Central High School,WI,Boys Basketball,141299,
Brookfield Central High School,WI,Boys Cross Country,143281,
Brookfield Central High School,WI,Boys Football,146105,
Brookfield Central High School,WI,Boys Golf,142183,
Brookfield Central High School,WI,Boys Lacrosse-Boys,140732,
Brookfield Central High School,WI,Boys Soccer,142688,
Brookfield Central High School,WI,Boys Swimming & Diving,155350,
Brookfield Central High School,WI,Boys Tennis,142532,
Brookfield Central High School,WI,Boys Track and Field,145314,
Brookfield Central High School,WI,Boys Volleyball,142898,
Brookfield Central High School,WI,Boys Wrestling,144724,
Brookfield Central High School,WI,Girls Basketball,141748,
Brookfield Central High School,WI,Girls Cross Country,142943,
Brookfield Central High School,WI,Girls Golf,144135,
Brookfield Central High School,WI,Girls Hockey,140080,
Brookfield Central High School,WI,Girls Soccer,144261,
Brookfield Central High School,WI,Girls Softball,144960,
Brookfield Central High School,WI,Girls Swimming & Diving,144466,
Brookfield Central High School,WI,Girls Tennis,144547,
Brookfield Central High School,WI,Girls Track and Field,145698,
Brookfield Central High School,WI,Girls Volleyball,143623,
Brookfield Central High School,WI,Girls Wrestling,147596,
Brookfield East High School,WI,Boys Baseball,146888,
Brookfield East High School,WI,Boys Basketball,141300,
Brookfield East High School,WI,Boys Cross Country,143282,
Brookfield East High School,WI,Boys Football,146106,
Brookfield East High School,WI,Boys Golf,142184,
Brookfield East High School,WI,Boys Hockey,155523,
Brookfield East High School,WI,Boys Soccer,142737,
Brookfield East High School,WI,Boys Tennis,142533,
Brookfield East High School,WI,Boys Track and Field,145315,
Brookfield East High School,WI,Boys Volleyball,142899,
Brookfield East High School,WI,Boys Wrestling,144725,
Brookfield East High School,WI,Girls Basketball,141749,
Brookfield East High School,WI,Girls Cross Country,142944,
Brookfield East High School,WI,Girls Golf,144136,
Brookfield East High School,WI,Girls Gymnastics,155308,
Brookfield East High School,WI,Girls Lacrosse-Girls,140767,
Brookfield East High School,WI,Girls Soccer,144314,
Brookfield East High School,WI,Girls Softball,144961,
Brookfield East High School,WI,Girls Swimming & Diving,144467,
Brookfield East High School,WI,Girls Tennis,144548,
Brookfield East High School,WI,Girls Track and Field,145699,
Brookfield East High School,WI,Girls Volleyball,143624,
Brookfield East High School,WI,Girls Wrestling,147285,
Brookwood High School,WI,Boys Baseball,141152,
Brookwood High School,WI,Boys Basketball,141547,
Brookwood High School,WI,Boys Cross Country,143506,
Brookwood High School,WI,Boys Football,146107,
Brookwood High School,WI,Boys Track and Field,145579,
Brookwood High School,WI,Boys Wrestling,144883,
Brookwood High School,WI,Girls Basketball,141995,
Brookwood High School,WI,Girls Cross Country,143164,
Brookwood High School,WI,Girls Softball,145196,
Brookwood High School,WI,Girls Track and Field,145962,
Brookwood High School,WI,Girls Volleyball,143851,
Brookwood High School,WI,Girls Wrestling,153839,
Brown Deer High School,WI,Boys Baseball,154087,
Brown Deer High School,WI,Boys Basketball,141365,
Brown Deer High School,WI,Boys Cross Country,143397,
Brown Deer High School,WI,Boys Football,146108,
Brown Deer High School,WI,Boys Golf,142299,
Brown Deer High School,WI,Boys Soccer,142798,
Brown Deer High School,WI,Boys Swimming & Diving,155352,
Brown Deer High School,WI,Boys Tennis,142632,
Brown Deer High School,WI,Boys Track and Field,145446,
Brown Deer High School,WI,Boys Volleyball,155967,
Brown Deer High School,WI,Boys Wrestling,139891,
Brown Deer High School,WI,Girls Basketball,141813,
Brown Deer High School,WI,Girls Cross Country,147087,
Brown Deer High School,WI,Girls Soccer,156114,
Brown Deer High School,WI,Girls Softball,156115,
Brown Deer High School,WI,Girls Swimming & Diving,154610,
Brown Deer High School,WI,Girls Tennis,144667,
Brown Deer High School,WI,Girls Track and Field,145832,
Brown Deer High School,WI,Girls Volleyball,143735,
Brown Deer High School,WI,Girls Wrestling,139976,
Burlington High School,WI,Boys Baseball,140977,
Burlington High School,WI,Boys Basketball,141366,
Burlington High School,WI,Boys Cross Country,143283,
Burlington High School,WI,Boys Football,146110,
Burlington High School,WI,Boys Golf,142185,
Burlington High School,WI,Boys Soccer,142738,
Burlington High School,WI,Boys Swimming & Diving,155354,
Burlington High School,WI,Boys Tennis,142534,
Burlington High School,WI,Boys Track and Field,145316,
Burlington High School,WI,Boys Volleyball,142900,
Burlington High School,WI,Boys Wrestling,144726,
Burlington High School,WI,Girls Basketball,141814,
Burlington High School,WI,Girls Cross Country,142945,
Burlington High School,WI,Girls Golf,144137,
Burlington High School,WI,Girls Soccer,144315,
Burlington High School,WI,Girls Softball,144962,
Burlington High School,WI,Girls Swimming & Diving,154612,
Burlington High School,WI,Girls Tennis,144549,
Burlington High School,WI,Girls Track and Field,145700,
Burlington High School,WI,Girls Volleyball,143625,
Burlington High School,WI,Girls Wrestling,147301,
Cambria Friesland High School,WI,Boys Baseball,140482,
Cambria Friesland High School,WI,Boys Basketball,141647,
Cambria Friesland High School,WI,Boys Football,146112,
Cambria Friesland High School,WI,Girls Basketball,142091,
Cambria Friesland High School,WI,Girls Softball,145261,
Cambria Friesland High School,WI,Girls Volleyball,143971,
Cambridge High School,WI,Boys Baseball,141154,
Cambridge High School,WI,Boys Basketball,141549,
Cambridge High School,WI,Boys Football,146113,
Cambridge High School,WI,Boys Golf,142388,
Cambridge High School,WI,Boys Soccer,139120,
Cambridge High School,WI,Boys Track and Field,145582,
Cambridge High School,WI,Boys Wrestling,144886,
Cambridge High School,WI,Girls Basketball,141997,
Cambridge High School,WI,Girls Golf,144218,
Cambridge High School,WI,Girls Soccer,156072,
Cambridge High School,WI,Girls Softball,145198,
Cambridge High School,WI,Girls Track and Field,145965,
Cambridge High School,WI,Girls Volleyball,143853,
Cambridge High School,WI,Girls Wrestling,153978,
Campbellsport High School,WI,Boys Baseball,141062,
Campbellsport High School,WI,Boys Basketball,141459,
Campbellsport High School,WI,Boys Cross Country,143398,
Campbellsport High School,WI,Boys Football,146115,
Campbellsport High School,WI,Boys Golf,142300,
Campbellsport High School,WI,Boys Soccer,142853,
Campbellsport High School,WI,Boys Track and Field,145448,
Campbellsport High School,WI,Boys Wrestling,144816,
Campbellsport High School,WI,Girls Basketball,141907,
Campbellsport High School,WI,Girls Cross Country,143058,
Campbellsport High School,WI,Girls Soccer,144422,
Campbellsport High School,WI,Girls Softball,145130,
Campbellsport High School,WI,Girls Track and Field,145834,
Campbellsport High School,WI,Girls Volleyball,143736,
Campbellsport High School,WI,Girls Wrestling,149608,
Cashton High School,WI,Boys Baseball,141236,
Cashton High School,WI,Boys Basketball,141648,
Cashton High School,WI,Boys Cross Country,143511,
Cashton High School,WI,Boys Football,146116,
Cashton High School,WI,Boys Track and Field,145583,
Cashton High School,WI,Boys Wrestling,144888,
Cashton High School,WI,Girls Basketball,142092,
Cashton High School,WI,Girls Cross Country,143169,
Cashton High School,WI,Girls Softball,145262,
Cashton High School,WI,Girls Track and Field,145966,
Cashton High School,WI,Girls Volleyball,143972,
Cashton High School,WI,Girls Wrestling,154030,
Cassville High School,WI,Boys Cross Country,143512,
Cassville High School,WI,Boys Track and Field,156177,
Cassville High School,WI,Girls Cross Country,143170,
Cassville High School,WI,Girls Track and Field,156207,
Cassville High School,WI,Girls Volleyball,143973,
Catholic Central - Burlington High School,WI,Boys Baseball,141237,
Catholic Central - Burlington High School,WI,Boys Basketball,141649,
Catholic Central - Burlington High School,WI,Boys Cross Country,143513,
Catholic Central - Burlington High School,WI,Boys Football,146117,
Catholic Central - Burlington High School,WI,Boys Golf,142390,
Catholic Central - Burlington High School,WI,Boys Track and Field,145584,
Catholic Central - Burlington High School,WI,Boys Volleyball,154324,
Catholic Central - Burlington High School,WI,Boys Wrestling,149666,
Catholic Central - Burlington High School,WI,Girls Basketball,142093,
Catholic Central - Burlington High School,WI,Girls Cross Country,143171,
Catholic Central - Burlington High School,WI,Girls Soccer,144423,
Catholic Central - Burlington High School,WI,Girls Softball,145263,
Catholic Central - Burlington High School,WI,Girls Tennis,144668,
Catholic Central - Burlington High School,WI,Girls Track and Field,145967,
Catholic Central - Burlington High School,WI,Girls Volleyball,143974,
Catholic Central - Burlington High School,WI,Girls Wrestling,151850,
Cedar Grove Belgium High School,WI,Boys Baseball,146948,
Cedar Grove Belgium High School,WI,Boys Basketball,141460,
Cedar Grove Belgium High School,WI,Boys Cross Country,143400,
Cedar Grove Belgium High School,WI,Boys Football,146119,
Cedar Grove Belgium High School,WI,Boys Golf,142301,
Cedar Grove Belgium High School,WI,Boys Soccer,142854,
Cedar Grove Belgium High School,WI,Boys Track and Field,145450,
Cedar Grove Belgium High School,WI,Boys Wrestling,144817,
Cedar Grove Belgium High School,WI,Girls Basketball,141909,
Cedar Grove Belgium High School,WI,Girls Cross Country,143060,
Cedar Grove Belgium High School,WI,Girls Soccer,144424,
Cedar Grove Belgium High School,WI,Girls Softball,145131,
Cedar Grove Belgium High School,WI,Girls Track and Field,145836,
Cedar Grove Belgium High School,WI,Girls Volleyball,143856,
Cedar Grove Belgium High School,WI,Girls Wrestling,153999,
Central WI Christian High School,WI,Boys Baseball,147132,
Central WI Christian High School,WI,Boys Basketball,141650,
Central WI Christian High School,WI,Boys Cross Country,149559,
Central WI Christian High School,WI,Boys Golf,142391,
Central WI Christian High School,WI,Boys Soccer,142855,
Central WI Christian High School,WI,Boys Track and Field,145585,
Central WI Christian High School,WI,Girls Basketball,142094,
Central WI Christian High School,WI,Girls Cross Country,149560,
Central WI Christian High School,WI,Girls Soccer,144425,
Central WI Christian High School,WI,Girls Track and Field,145968,
Central WI Christian High School,WI,Girls Volleyball,143975,
Chilton High School,WI,Boys Baseball,141064,
Chilton High School,WI,Boys Basketball,141461,
Chilton High School,WI,Boys Cross Country,143401,
Chilton High School,WI,Boys Football,146122,
Chilton High School,WI,Boys Golf,140811,
Chilton High School,WI,Boys Soccer,156373,
Chilton High School,WI,Boys Swimming & Diving,155356,
Chilton High School,WI,Boys Track and Field,145452,
Chilton High School,WI,Boys Wrestling,155402,
Chilton High School,WI,Girls Basketball,141910,
Chilton High School,WI,Girls Cross Country,143061,
Chilton High School,WI,Girls Softball,145132,
Chilton High School,WI,Girls Swimming & Diving,139156,
Chilton High School,WI,Girls Track and Field,145838,
Chilton High School,WI,Girls Volleyball,143738,
Chilton High School,WI,Girls Wrestling,155464,
Clinton High School,WI,Boys Baseball,141065,
Clinton High School,WI,Boys Basketball,141462,
Clinton High School,WI,Boys Cross Country,143402,
Clinton High School,WI,Boys Football,146125,
Clinton High School,WI,Boys Golf,142302,
Clinton High School,WI,Boys Track and Field,145453,
Clinton High School,WI,Boys Wrestling,144818,
Clinton High School,WI,Girls Basketball,141911,
Clinton High School,WI,Girls Cross Country,143062,
Clinton High School,WI,Girls Golf,144220,
Clinton High School,WI,Girls Soccer,156074,
Clinton High School,WI,Girls Softball,145133,
Clinton High School,WI,Girls Track and Field,145839,
Clinton High School,WI,Girls Volleyball,143739,
Clinton High School,WI,Girls Wrestling,147576,
Clintonville High School,WI,Boys Baseball,141066,
Clintonville High School,WI,Boys Basketball,141463,
Clintonville High School,WI,Boys Cross Country,143403,
Clintonville High School,WI,Boys Football,146126,
Clintonville High School,WI,Boys Golf,142303,
Clintonville High School,WI,Boys Soccer,142800,
Clintonville High School,WI,Boys Swimming & Diving,156376,
Clintonville High School,WI,Boys Track and Field,145454,
Clintonville High School,WI,Boys Wrestling,147174,
Clintonville High School,WI,Girls Basketball,141912,
Clintonville High School,WI,Girls Cross Country,143063,
Clintonville High School,WI,Girls Soccer,144376,
Clintonville High School,WI,Girls Softball,145056,
Clintonville High School,WI,Girls Swimming & Diving,144507,
Clintonville High School,WI,Girls Track and Field,145840,
Clintonville High School,WI,Girls Volleyball,143740,
Clintonville High School,WI,Girls Wrestling,149589,
Coleman High School,WI,Boys Baseball,141159,
Coleman High School,WI,Boys Basketball,141555,
Coleman High School,WI,Boys Cross Country,143517,
Coleman High School,WI,Boys Football,146129,
Coleman High School,WI,Boys Golf,142396,
Coleman High School,WI,Boys Track and Field,145589,
Coleman High School,WI,Boys Wrestling,144892,
Coleman High School,WI,Girls Basketball,142003,
Coleman High School,WI,Girls Cross Country,143175,
Coleman High School,WI,Girls Softball,145203,
Coleman High School,WI,Girls Track and Field,145972,
Coleman High School,WI,Girls Volleyball,143861,
Coleman High School,WI,Girls Wrestling,149463,
Columbus High School,WI,Boys Baseball,141067,
Columbus High School,WI,Boys Basketball,141464,
Columbus High School,WI,Boys Cross Country,143404,
Columbus High School,WI,Boys Football,146131,
Columbus High School,WI,Boys Golf,156025,
Columbus High School,WI,Boys Soccer,142856,
Columbus High School,WI,Boys Track and Field,145456,
Columbus High School,WI,Boys Wrestling,144819,
Columbus High School,WI,Girls Basketball,141913,
Columbus High School,WI,Girls Cross Country,143064,
Columbus High School,WI,Girls Soccer,144426,
Columbus High School,WI,Girls Softball,145134,
Columbus High School,WI,Girls Tennis,144670,
Columbus High School,WI,Girls Track and Field,145842,
Columbus High School,WI,Girls Volleyball,143741,
Columbus High School,WI,Girls Wrestling,149489,
Crivitz High School,WI,Boys Baseball,141162,
Crivitz High School,WI,Boys Basketball,141558,
Crivitz High School,WI,Boys Cross Country,146495,
Crivitz High School,WI,Boys Football,146133,
Crivitz High School,WI,Boys Golf,142398,
Crivitz High School,WI,Boys Track and Field,145593,
Crivitz High School,WI,Boys Wrestling,139893,
Crivitz High School,WI,Girls Basketball,142006,
Crivitz High School,WI,Girls Cross Country,146496,
Crivitz High School,WI,Girls Softball,145205,
Crivitz High School,WI,Girls Track and Field,145976,
Crivitz High School,WI,Girls Volleyball,143864,
Crivitz High School,WI,Girls Wrestling,139978,
Cuba City High School,WI,Boys Baseball,141163,
Cuba City High School,WI,Boys Basketball,141559,
Cuba City High School,WI,Boys Cross Country,152348,
Cuba City High School,WI,Boys Football,146134,
Cuba City High School,WI,Boys Golf,155656,
Cuba City High School,WI,Boys Track and Field,145594,
Cuba City High School,WI,Boys Wrestling,155408,
Cuba City High School,WI,Girls Basketball,142007,
Cuba City High School,WI,Girls Cross Country,152349,
Cuba City High School,WI,Girls Softball,145206,
Cuba City High School,WI,Girls Track and Field,145977,
Cuba City High School,WI,Girls Volleyball,143865,
Cuba City High School,WI,Girls Wrestling,155469,
Darlington High School,WI,Boys Baseball,141165,
Darlington High School,WI,Boys Basketball,141561,
Darlington High School,WI,Boys Cross Country,143521,
Darlington High School,WI,Boys Football,146138,
Darlington High School,WI,Boys Golf,142400,
Darlington High School,WI,Boys Track and Field,145595,
Darlington High School,WI,Boys Wrestling,154025,
Darlington High School,WI,Girls Basketball,142009,
Darlington High School,WI,Girls Cross Country,143179,
Darlington High School,WI,Girls Golf,144223,
Darlington High School,WI,Girls Softball,145207,
Darlington High School,WI,Girls Track and Field,145978,
Darlington High School,WI,Girls Volleyball,143867,
Darlington High School,WI,Girls Wrestling,154026,
De Pere High School,WI,Boys Baseball,140980,
De Pere High School,WI,Boys Basketball,141303,
De Pere High School,WI,Boys Cross Country,143287,
De Pere High School,WI,Boys Football,146139,
De Pere High School,WI,Boys Golf,142189,
De Pere High School,WI,Boys Hockey,155527,
De Pere High School,WI,Boys Lacrosse-Boys,140734,
De Pere High School,WI,Boys Soccer,142691,
De Pere High School,WI,Boys Tennis,142538,
De Pere High School,WI,Boys Track and Field,145320,
De Pere High School,WI,Boys Wrestling,144730,
De Pere High School,WI,Girls Basketball,141752,
De Pere High School,WI,Girls Cross Country,142948,
De Pere High School,WI,Girls Golf,144141,
De Pere High School,WI,Girls Hockey,155591,
De Pere High School,WI,Girls Lacrosse-Girls,140769,
De Pere High School,WI,Girls Soccer,144264,
De Pere High School,WI,Girls Softball,144966,
De Pere High School,WI,Girls Swimming & Diving,154614,
De Pere High School,WI,Girls Tennis,144553,
De Pere High School,WI,Girls Track and Field,145704,
De Pere High School,WI,Girls Volleyball,143629,
De Pere High School,WI,Girls Wrestling,149594,
DeForest High School,WI,Boys Baseball,140981,
DeForest High School,WI,Boys Basketball,141370,
DeForest High School,WI,Boys Cross Country,143288,
DeForest High School,WI,Boys Football,146141,
DeForest High School,WI,Boys Golf,142190,
DeForest High School,WI,Boys Hockey,155529,
DeForest High School,WI,Boys Lacrosse-Boys,153946,
DeForest High School,WI,Boys Soccer,142740,
DeForest High School,WI,Boys Swimming & Diving,142497,
DeForest High School,WI,Boys Tennis,146723,
DeForest High School,WI,Boys Track and Field,145321,
DeForest High School,WI,Boys Volleyball,150701,
DeForest High School,WI,Boys Wrestling,144731,
DeForest High School,WI,Girls Basketball,141818,
DeForest High School,WI,Girls Cross Country,142949,
DeForest High School,WI,Girls Golf,146444,
DeForest High School,WI,Girls Lacrosse-Girls,140771,
DeForest High School,WI,Girls Soccer,144317,
DeForest High School,WI,Girls Softball,144967,
DeForest High School,WI,Girls Swimming & Diving,144470,
DeForest High School,WI,Girls Tennis,144554,
DeForest High School,WI,Girls Track and Field,145705,
DeForest High School,WI,Girls Volleyball,143630,
DeForest High School,WI,Girls Wrestling,150698,
DeSoto High School,WI,Boys Baseball,141240,
DeSoto High School,WI,Boys Basketball,141654,
DeSoto High School,WI,Boys Cross Country,146872,
DeSoto High School,WI,Boys Football 8-Player,147161,
DeSoto High School,WI,Boys Track and Field,145596,
DeSoto High School,WI,Boys Wrestling,144895,
DeSoto High School,WI,Girls Basketball,142098,
DeSoto High School,WI,Girls Cross Country,146873,
DeSoto High School,WI,Girls Softball,145266,
DeSoto High School,WI,Girls Track and Field,145979,
DeSoto High School,WI,Girls Volleyball,143980,
DeSoto High School,WI,Girls Wrestling,153889,
Deerfield High School,WI,Boys Baseball,141166,
Deerfield High School,WI,Boys Basketball,141562,
Deerfield High School,WI,Boys Cross Country,154448,
Deerfield High School,WI,Boys Football,146140,
Deerfield High School,WI,Boys Track and Field,145597,
Deerfield High School,WI,Boys Wrestling,144896,
Deerfield High School,WI,Girls Basketball,142010,
Deerfield High School,WI,Girls Cross Country,154493,
Deerfield High School,WI,Girls Softball,145208,
Deerfield High School,WI,Girls Track and Field,145980,
Deerfield High School,WI,Girls Volleyball,143868,
Deerfield High School,WI,Girls Wrestling,149578,
Delavan-Darien High School,WI,Boys Baseball,141068,
Delavan-Darien High School,WI,Boys Basketball,141371,
Delavan-Darien High School,WI,Boys Cross Country,143405,
Delavan-Darien High School,WI,Boys Football,147010,
Delavan-Darien High School,WI,Boys Golf,142191,
Delavan-Darien High School,WI,Boys Soccer,142801,
Delavan-Darien High School,WI,Boys Swimming & Diving,142498,
Delavan-Darien High School,WI,Boys Tennis,142634,
Delavan-Darien High School,WI,Boys Track and Field,145322,
Delavan-Darien High School,WI,Boys Wrestling,144820,
Delavan-Darien High School,WI,Girls Basketball,141819,
Delavan-Darien High School,WI,Girls Cross Country,143065,
Delavan-Darien High School,WI,Girls Golf,153968,
Delavan-Darien High School,WI,Girls Soccer,144377,
Delavan-Darien High School,WI,Girls Softball,145058,
Delavan-Darien High School,WI,Girls Swimming & Diving,147168,
Delavan-Darien High School,WI,Girls Tennis,144555,
Delavan-Darien High School,WI,Girls Track and Field,145706,
Delavan-Darien High School,WI,Girls Volleyball,143743,
Delavan-Darien High School,WI,Girls Wrestling,153963,
Denmark High School,WI,Boys Baseball,141069,
Denmark High School,WI,Boys Basketball,141465,
Denmark High School,WI,Boys Cross Country,143406,
Denmark High School,WI,Boys Football,146142,
Denmark High School,WI,Boys Golf,142304,
Denmark High School,WI,Boys Soccer,142802,
Denmark High School,WI,Boys Track and Field,145459,
Denmark High School,WI,Boys Wrestling,144821,
Denmark High School,WI,Girls Basketball,141914,
Denmark High School,WI,Girls Cross Country,143066,
Denmark High School,WI,Girls Golf,144224,
Denmark High School,WI,Girls Soccer,144428,
Denmark High School,WI,Girls Softball,145059,
Denmark High School,WI,Girls Track and Field,145844,
Denmark High School,WI,Girls Volleyball,143744,
Denmark High School,WI,Girls Wrestling,154027,
Dodgeland High School,WI,Boys Basketball,141564,
Dodgeland High School,WI,Boys Cross Country,146896,
Dodgeland High School,WI,Boys Football,146143,
Dodgeland High School,WI,Boys Track and Field,145598,
Dodgeland High School,WI,Boys Wrestling,144897,
Dodgeland High School,WI,Girls Basketball,142012,
Dodgeland High School,WI,Girls Basketball,142117,
Dodgeland High School,WI,Girls Cross Country,143180,
Dodgeland High School,WI,Girls Softball,140602,
Dodgeland High School,WI,Girls Track and Field,145981,
Dodgeland High School,WI,Girls Volleyball,143869,
Dodgeland High School,WI,Girls Wrestling,149573,
Dodgeville High School,WI,Boys Baseball,141070,
Dodgeville High School,WI,Boys Basketball,141466,
Dodgeville High School,WI,Boys Cross Country,138998,
Dodgeville High School,WI,Boys Football,146144,
Dodgeville High School,WI,Boys Golf,142305,
Dodgeville High School,WI,Boys Soccer,139128,
Dodgeville High School,WI,Boys Track and Field,140664,
Dodgeville High School,WI,Boys Wrestling,144822,
Dodgeville High School,WI,Girls Basketball,141915,
Dodgeville High School,WI,Girls Cross Country,139039,
Dodgeville High School,WI,Girls Gymnastics,155310,
Dodgeville High School,WI,Girls Soccer,156080,
Dodgeville High School,WI,Girls Softball,145136,
Dodgeville High School,WI,Girls Track and Field,140703,
Dodgeville High School,WI,Girls Volleyball,143745,
Dodgeville High School,WI,Girls Wrestling,153874,
Durand-Arkansaw High School,WI,Boys Baseball,141168,
Durand-Arkansaw High School,WI,Boys Basketball,141565,
Durand-Arkansaw High School,WI,Boys Cross Country,143523,
Durand-Arkansaw High School,WI,Boys Football,146146,
Durand-Arkansaw High School,WI,Boys Golf,142401,
Durand-Arkansaw High School,WI,Boys Track and Field,145461,
Durand-Arkansaw High School,WI,Boys Wrestling,144898,
Durand-Arkansaw High School,WI,Girls Basketball,142013,
Durand-Arkansaw High School,WI,Girls Cross Country,143182,
Durand-Arkansaw High School,WI,Girls Softball,145137,
Durand-Arkansaw High School,WI,Girls Track and Field,145846,
Durand-Arkansaw High School,WI,Girls Volleyball,143871,
Durand-Arkansaw High School,WI,Girls Wrestling,149651,
East Troy High School,WI,Boys Baseball,141071,
East Troy High School,WI,Boys Basketball,141468,
East Troy High School,WI,Boys Cross Country,143407,
East Troy High School,WI,Boys Football,146147,
East Troy High School,WI,Boys Golf,142307,
East Troy High School,WI,Boys Soccer,149609,
East Troy High School,WI,Boys Tennis,142635,
East Troy High School,WI,Boys Track and Field,145462,
East Troy High School,WI,Boys Wrestling,144823,
East Troy High School,WI,Girls Basketball,141917,
East Troy High School,WI,Girls Cross Country,143067,
East Troy High School,WI,Girls Golf,144225,
East Troy High School,WI,Girls Soccer,144378,
East Troy High School,WI,Girls Softball,145060,
East Troy High School,WI,Girls Tennis,144673,
East Troy High School,WI,Girls Track and Field,145847,
East Troy High School,WI,Girls Volleyball,143746,
East Troy High School,WI,Girls Wrestling,149604,
Edgerton High School,WI,Boys Baseball,141072,
Edgerton High School,WI,Boys Basketball,141469,
Edgerton High School,WI,Boys Cross Country,143408,
Edgerton High School,WI,Boys Football,146151,
Edgerton High School,WI,Boys Golf,142308,
Edgerton High School,WI,Boys Soccer,142803,
Edgerton High School,WI,Boys Swimming & Diving,155360,
Edgerton High School,WI,Boys Tennis,142636,
Edgerton High School,WI,Boys Track and Field,145463,
Edgerton High School,WI,Boys Wrestling,144824,
Edgerton High School,WI,Girls Basketball,141918,
Edgerton High School,WI,Girls Cross Country,143068,
Edgerton High School,WI,Girls Golf,144226,
Edgerton High School,WI,Girls Soccer,144379,
Edgerton High School,WI,Girls Softball,145061,
Edgerton High School,WI,Girls Swimming & Diving,139162,
Edgerton High School,WI,Girls Tennis,144674,
Edgerton High School,WI,Girls Track and Field,145848,
Edgerton High School,WI,Girls Volleyball,143747,
Edgerton High School,WI,Girls Wrestling,149581,
Elkhart Lake High School,WI,Boys Baseball,146906,
Elkhart Lake High School,WI,Boys Basketball,141659,
Elkhart Lake High School,WI,Boys Cross Country,143528,
Elkhart Lake High School,WI,Boys Football 8-Player,146154,
Elkhart Lake High School,WI,Boys Golf,142404,
Elkhart Lake High School,WI,Boys Track and Field,145604,
Elkhart Lake High School,WI,Boys Wrestling,155413,
Elkhart Lake High School,WI,Girls Basketball,142103,
Elkhart Lake High School,WI,Girls Cross Country,143187,
Elkhart Lake High School,WI,Girls Soccer,144430,
Elkhart Lake High School,WI,Girls Softball,145270,
Elkhart Lake High School,WI,Girls Track and Field,145987,
Elkhart Lake High School,WI,Girls Volleyball,143986,
Elkhart Lake High School,WI,Girls Wrestling,155474,
Elkhorn High School,WI,Boys Baseball,140984,
Elkhorn High School,WI,Boys Basketball,141372,
Elkhorn High School,WI,Boys Cross Country,143291,
Elkhorn High School,WI,Boys Football,146155,
Elkhorn High School,WI,Boys Golf,142194,
Elkhorn High School,WI,Boys Lacrosse-Boys,140738,
Elkhorn High School,WI,Boys Soccer,142741,
Elkhorn High School,WI,Boys Swimming & Diving,142500,
Elkhorn High School,WI,Boys Tennis,142541,
Elkhorn High School,WI,Boys Track and Field,145325,
Elkhorn High School,WI,Boys Wrestling,147123,
Elkhorn High School,WI,Girls Basketball,141820,
Elkhorn High School,WI,Girls Cross Country,142953,
Elkhorn High School,WI,Girls Golf,144145,
Elkhorn High School,WI,Girls Gymnastics,144081,
Elkhorn High School,WI,Girls Soccer,144318,
Elkhorn High School,WI,Girls Softball,144971,
Elkhorn High School,WI,Girls Swimming & Diving,144510,
Elkhorn High School,WI,Girls Tennis,144559,
Elkhorn High School,WI,Girls Track and Field,145710,
Elkhorn High School,WI,Girls Volleyball,143634,
Elkhorn High School,WI,Girls Wrestling,150702,
Evansville High School,WI,Boys Baseball,141075,
Evansville High School,WI,Boys Basketball,141473,
Evansville High School,WI,Boys Cross Country,143411,
Evansville High School,WI,Boys Football,147012,
Evansville High School,WI,Boys Golf,142311,
Evansville High School,WI,Boys Soccer,142805,
Evansville High School,WI,Boys Track and Field,145467,
Evansville High School,WI,Boys Wrestling,147120,
Evansville High School,WI,Girls Basketball,141922,
Evansville High School,WI,Girls Cross Country,143071,
Evansville High School,WI,Girls Golf,147069,
Evansville High School,WI,Girls Soccer,144381,
Evansville High School,WI,Girls Softball,145063,
Evansville High School,WI,Girls Track and Field,145852,
Evansville High School,WI,Girls Volleyball,143750,
Evansville High School,WI,Girls Wrestling,149605,
F.J. Turner High School,WI,Boys Baseball,141124,
F.J. Turner High School,WI,Boys Basketball,141523,
F.J. Turner High School,WI,Boys Cross Country,143473,
F.J. Turner High School,WI,Boys Football,146349,
F.J. Turner High School,WI,Boys Golf,142369,
F.J. Turner High School,WI,Boys Track and Field,145546,
F.J. Turner High School,WI,Boys Wrestling,144862,
F.J. Turner High School,WI,Girls Basketball,141971,
F.J. Turner High School,WI,Girls Cross Country,143131,
F.J. Turner High School,WI,Girls Golf,144251,
F.J. Turner High School,WI,Girls Softball,145107,
F.J. Turner High School,WI,Girls Track and Field,145929,
F.J. Turner High School,WI,Girls Volleyball,143821,
F.J. Turner High School,WI,Girls Wrestling,149587,
Fall River High School,WI,Boys Baseball,141247,
Fall River High School,WI,Boys Basketball,141661,
Fall River High School,WI,Boys Football,154144,
Fall River High School,WI,Boys Track and Field,145605,
Fall River High School,WI,Boys Wrestling,139895,
Fall River High School,WI,Girls Basketball,142105,
Fall River High School,WI,Girls Softball,156125,
Fall River High School,WI,Girls Track and Field,145988,
Fall River High School,WI,Girls Volleyball,143988,
Fall River High School,WI,Girls Wrestling,139982,
Fennimore High School,WI,Boys Baseball,141170,
Fennimore High School,WI,Boys Basketball,141568,
Fennimore High School,WI,Boys Cross Country,143530,
Fennimore High School,WI,Boys Football,146158,
Fennimore High School,WI,Boys Golf,142406,
Fennimore High School,WI,Boys Track and Field,145606,
Fennimore High School,WI,Boys Wrestling,144901,
Fennimore High School,WI,Girls Basketball,142016,
Fennimore High School,WI,Girls Cross Country,143189,
Fennimore High School,WI,Girls Softball,145212,
Fennimore High School,WI,Girls Track and Field,145989,
Fennimore High School,WI,Girls Volleyball,143875,
Fennimore High School,WI,Girls Wrestling,150705,
Fond Du Lac High School,WI,Boys Baseball,140985,
Fond Du Lac High School,WI,Boys Basketball,141306,
Fond Du Lac High School,WI,Boys Cross Country,143292,
Fond Du Lac High School,WI,Boys Football,146159,
Fond Du Lac High School,WI,Boys Golf,142195,
Fond Du Lac High School,WI,Boys Hockey,140054,
Fond Du Lac High School,WI,Boys Soccer,142694,
Fond Du Lac High School,WI,Boys Swimming & Diving,155150,
Fond Du Lac High School,WI,Boys Tennis,155900,
Fond Du Lac High School,WI,Boys Track and Field,145326,
Fond Du Lac High School,WI,Boys Volleyball,139222,
Fond Du Lac High School,WI,Boys Wrestling,144734,
Fond Du Lac High School,WI,Girls Basketball,141756,
Fond Du Lac High School,WI,Girls Cross Country,142954,
Fond Du Lac High School,WI,Girls Golf,144146,
Fond Du Lac High School,WI,Girls Hockey,155595,
Fond Du Lac High School,WI,Girls Soccer,144268,
Fond Du Lac High School,WI,Girls Softball,144972,
Fond Du Lac High School,WI,Girls Swimming & Diving,154433,
Fond Du Lac High School,WI,Girls Tennis,144560,
Fond Du Lac High School,WI,Girls Track and Field,145711,
Fond Du Lac High School,WI,Girls Volleyball,143635,
Fond Du Lac High School,WI,Girls Wrestling,147261,
Fort Atkinson High School,WI,Boys Baseball,140986,
Fort Atkinson High School,WI,Boys Basketball,141373,
Fort Atkinson High School,WI,Boys Cross Country,143293,
Fort Atkinson High School,WI,Boys Football,146160,
Fort Atkinson High School,WI,Boys Golf,142196,
Fort Atkinson High School,WI,Boys Soccer,142742,
Fort Atkinson High School,WI,Boys Swimming & Diving,142501,
Fort Atkinson High School,WI,Boys Tennis,147025,
Fort Atkinson High School,WI,Boys Track and Field,145327,
Fort Atkinson High School,WI,Boys Volleyball,147014,
Fort Atkinson High School,WI,Boys Wrestling,144735,
Fort Atkinson High School,WI,Girls Basketball,141821,
Fort Atkinson High School,WI,Girls Cross Country,142955,
Fort Atkinson High School,WI,Girls Golf,144147,
Fort Atkinson High School,WI,Girls Soccer,144319,
Fort Atkinson High School,WI,Girls Softball,144973,
Fort Atkinson High School,WI,Girls Swimming & Diving,144511,
Fort Atkinson High School,WI,Girls Tennis,139207,
Fort Atkinson High School,WI,Girls Track and Field,145712,
Fort Atkinson High School,WI,Girls Volleyball,143636,
Fort Atkinson High School,WI,Girls Wrestling,149475,
Fox Valley Lutheran High School,WI,Boys Baseball,141076,
Fox Valley Lutheran High School,WI,Boys Basketball,141474,
Fox Valley Lutheran High School,WI,Boys Cross Country,143412,
Fox Valley Lutheran High School,WI,Boys Football,146161,
Fox Valley Lutheran High School,WI,Boys Golf,142312,
Fox Valley Lutheran High School,WI,Boys Soccer,142806,
Fox Valley Lutheran High School,WI,Boys Tennis,142639,
Fox Valley Lutheran High School,WI,Boys Track and Field,145469,
Fox Valley Lutheran High School,WI,Boys Wrestling,144826,
Fox Valley Lutheran High School,WI,Girls Basketball,141923,
Fox Valley Lutheran High School,WI,Girls Cross Country,143072,
Fox Valley Lutheran High School,WI,Girls Golf,144229,
Fox Valley Lutheran High School,WI,Girls Soccer,144382,
Fox Valley Lutheran High School,WI,Girls Softball,145064,
Fox Valley Lutheran High School,WI,Girls Tennis,144677,
Fox Valley Lutheran High School,WI,Girls Track and Field,145854,
Fox Valley Lutheran High School,WI,Girls Volleyball,143751,
Fox Valley Lutheran High School,WI,Girls Wrestling,150713,
Freedom High School,WI,Boys Baseball,141077,
Freedom High School,WI,Boys Basketball,141475,
Freedom High School,WI,Boys Cross Country,143413,
Freedom High School,WI,Boys Football,146163,
Freedom High School,WI,Boys Golf,142313,
Freedom High School,WI,Boys Soccer,142807,
Freedom High School,WI,Boys Track and Field,145470,
Freedom High School,WI,Boys Wrestling,144827,
Freedom High School,WI,Girls Basketball,141924,
Freedom High School,WI,Girls Cross Country,143073,
Freedom High School,WI,Girls Golf,144230,
Freedom High School,WI,Girls Soccer,144383,
Freedom High School,WI,Girls Softball,145065,
Freedom High School,WI,Girls Track and Field,145855,
Freedom High School,WI,Girls Volleyball,143752,
Freedom High School,WI,Girls Wrestling,147728,
Germantown High School,WI,Boys Baseball,146907,
Germantown High School,WI,Boys Basketball,141308,
Germantown High School,WI,Boys Cross Country,143295,
Germantown High School,WI,Boys Football,146165,
Germantown High School,WI,Boys Golf,142198,
Germantown High School,WI,Boys Soccer,146966,
Germantown High School,WI,Boys Swimming & Diving,147121,
Germantown High School,WI,Boys Tennis,142543,
Germantown High School,WI,Boys Track and Field,145329,
Germantown High School,WI,Boys Volleyball,142904,
Germantown High School,WI,Boys Wrestling,144737,
Germantown High School,WI,Girls Basketball,141758,
Germantown High School,WI,Girls Cross Country,142957,
Germantown High School,WI,Girls Golf,144149,
Germantown High School,WI,Girls Soccer,144270,
Germantown High School,WI,Girls Softball,144975,
Germantown High School,WI,Girls Swimming & Diving,144475,
Germantown High School,WI,Girls Tennis,144562,
Germantown High School,WI,Girls Track and Field,145714,
Germantown High School,WI,Girls Volleyball,143638,
Germantown High School,WI,Girls Wrestling,147284,
Gillett High School,WI,Boys Baseball,155998,
Gillett High School,WI,Boys Basketball,146898,
Gillett High School,WI,Boys Cross Country,143532,
Gillett High School,WI,Boys Football 8-Player,146506,
Gillett High School,WI,Boys Golf,147871,
Gillett High School,WI,Boys Track and Field,145609,
Gillett High School,WI,Girls Basketball,142109,
Gillett High School,WI,Girls Cross Country,143192,
Gillett High School,WI,Girls Softball,156131,
Gillett High School,WI,Girls Track and Field,145991,
Gillett High School,WI,Girls Volleyball,143992,
Grafton High School,WI,Boys Baseball,146935,
Grafton High School,WI,Boys Basketball,141374,
Grafton High School,WI,Boys Cross Country,143415,
Grafton High School,WI,Boys Football,146167,
Grafton High School,WI,Boys Golf,142199,
Grafton High School,WI,Boys Soccer,142808,
Grafton High School,WI,Boys Swimming & Diving,142502,
Grafton High School,WI,Boys Tennis,142640,
Grafton High School,WI,Boys Track and Field,145330,
Grafton High School,WI,Boys Wrestling,144828,
Grafton High School,WI,Girls Basketball,141822,
Grafton High School,WI,Girls Cross Country,143075,
Grafton High School,WI,Girls Gymnastics,155314,
Grafton High School,WI,Girls Soccer,144384,
Grafton High School,WI,Girls Softball,145066,
Grafton High School,WI,Girls Swimming & Diving,144512,
Grafton High School,WI,Girls Tennis,144563,
Grafton High School,WI,Girls Track and Field,145715,
Grafton High School,WI,Girls Volleyball,143754,
Grafton High School,WI,Girls Wrestling,153876,
Green Bay East High School,WI,Boys Baseball,156000,
Green Bay East High School,WI,Boys Basketball,141309,
Green Bay East High School,WI,Boys Cross Country,143296,
Green Bay East High School,WI,Boys Football,146169,
Green Bay East High School,WI,Boys Golf,142200,
Green Bay East High School,WI,Boys Soccer,142743,
Green Bay East High School,WI,Boys Tennis,142544,
Green Bay East High School,WI,Boys Track and Field,145331,
Green Bay East High School,WI,Girls Basketball,141759,
Green Bay East High School,WI,Girls Cross Country,142958,
Green Bay East High School,WI,Girls Soccer,144320,
Green Bay East High School,WI,Girls Tennis,144564,
Green Bay East High School,WI,Girls Track and Field,145716,
Green Bay East High School,WI,Girls Volleyball,143639,
Green Bay Preble High School,WI,Boys Baseball,140987,
Green Bay Preble High School,WI,Boys Basketball,141310,
Green Bay Preble High School,WI,Boys Cross Country,143297,
Green Bay Preble High School,WI,Boys Football,146170,
Green Bay Preble High School,WI,Boys Golf,142201,
Green Bay Preble High School,WI,Boys Soccer,142696,
Green Bay Preble High School,WI,Boys Tennis,142545,
Green Bay Preble High School,WI,Boys Track and Field,145332,
Green Bay Preble High School,WI,Boys Wrestling,144738,
Green Bay Preble High School,WI,Girls Basketball,141760,
Green Bay Preble High School,WI,Girls Cross Country,142959,
Green Bay Preble High School,WI,Girls Golf,139089,
Green Bay Preble High School,WI,Girls Soccer,144271,
Green Bay Preble High School,WI,Girls Softball,144976,
Green Bay Preble High School,WI,Girls Tennis,144565,
Green Bay Preble High School,WI,Girls Track and Field,145717,
Green Bay Preble High School,WI,Girls Volleyball,143640,
Green Bay Preble High School,WI,Girls Wrestling,153964,
Green Bay Southwest High School,WI,Boys Baseball,140988,
Green Bay Southwest High School,WI,Boys Basketball,141375,
Green Bay Southwest High School,WI,Boys Cross Country,143298,
Green Bay Southwest High School,WI,Boys Football,146171,
Green Bay Southwest High School,WI,Boys Golf,140529,
Green Bay Southwest High School,WI,Boys Soccer,142744,
Green Bay Southwest High School,WI,Boys Swimming & Diving,155362,
Green Bay Southwest High School,WI,Boys Tennis,142546,
Green Bay Southwest High School,WI,Boys Track and Field,145333,
Green Bay Southwest High School,WI,Girls Basketball,141823,
Green Bay Southwest High School,WI,Girls Cross Country,142960,
Green Bay Southwest High School,WI,Girls Soccer,144321,
Green Bay Southwest High School,WI,Girls Softball,144977,
Green Bay Southwest High School,WI,Girls Swimming & Diving,154616,
Green Bay Southwest High School,WI,Girls Tennis,144566,
Green Bay Southwest High School,WI,Girls Track and Field,145718,
Green Bay Southwest High School,WI,Girls Volleyball,143641,
Green Bay West High School,WI,Boys Basketball,146768,
Green Bay West High School,WI,Boys Cross Country,143299,
Green Bay West High School,WI,Boys Football,146172,
Green Bay West High School,WI,Boys Soccer,142745,
Green Bay West High School,WI,Boys Tennis,142547,
Green Bay West High School,WI,Boys Track and Field,146731,
Green Bay West High School,WI,Boys Wrestling,139906,
Green Bay West High School,WI,Girls Basketball,141824,
Green Bay West High School,WI,Girls Cross Country,142961,
Green Bay West High School,WI,Girls Soccer,146736,
Green Bay West High School,WI,Girls Softball,140604,
Green Bay West High School,WI,Girls Tennis,144567,
Green Bay West High School,WI,Girls Track and Field,145719,
Green Bay West High School,WI,Girls Volleyball,143642,
Green Bay West High School,WI,Girls Wrestling,139988,
Greendale High School,WI,Boys Baseball,146863,
Greendale High School,WI,Boys Basketball,141376,
Greendale High School,WI,Boys Cross Country,143300,
Greendale High School,WI,Boys Football,146173,
Greendale High School,WI,Boys Golf,142202,
Greendale High School,WI,Boys Soccer,142746,
Greendale High School,WI,Boys Tennis,142548,
Greendale High School,WI,Boys Track and Field,145334,
Greendale High School,WI,Boys Volleyball,142905,
Greendale High School,WI,Boys Wrestling,154049,
Greendale High School,WI,Girls Basketball,141825,
Greendale High School,WI,Girls Cross Country,142962,
Greendale High School,WI,Girls Golf,147623,
Greendale High School,WI,Girls Soccer,144322,
Greendale High School,WI,Girls Softball,144978,
Greendale High School,WI,Girls Swimming & Diving,144513,
Greendale High School,WI,Girls Tennis,144568,
Greendale High School,WI,Girls Track and Field,145720,
Greendale High School,WI,Girls Volleyball,143643,
Greendale High School,WI,Girls Wrestling,154050,
Greenfield High School,WI,Boys Baseball,146915,
Greenfield High School,WI,Boys Basketball,141311,
Greenfield High School,WI,Boys Cross Country,143301,
Greenfield High School,WI,Boys Football,146174,
Greenfield High School,WI,Boys Golf,142203,
Greenfield High School,WI,Boys Soccer,142747,
Greenfield High School,WI,Boys Swimming & Diving,139846,
Greenfield High School,WI,Boys Tennis,142549,
Greenfield High School,WI,Boys Track and Field,145335,
Greenfield High School,WI,Boys Volleyball,147166,
Greenfield High School,WI,Boys Wrestling,144739,
Greenfield High School,WI,Girls Basketball,141761,
Greenfield High School,WI,Girls Cross Country,142963,
Greenfield High School,WI,Girls Golf,154017,
Greenfield High School,WI,Girls Soccer,144323,
Greenfield High School,WI,Girls Softball,144979,
Greenfield High School,WI,Girls Swimming & Diving,154621,
Greenfield High School,WI,Girls Tennis,144569,
Greenfield High School,WI,Girls Track and Field,145721,
Greenfield High School,WI,Girls Volleyball,143644,
Greenfield High School,WI,Girls Wrestling,152328,
Hamilton High School,WI,Boys Baseball,146938,
Hamilton High School,WI,Boys Baseball,146938,
Hamilton High School,WI,Boys Basketball,141312,
Hamilton High School,WI,Boys Basketball,141312,
Hamilton High School,WI,Boys Cross Country,143302,
Hamilton High School,WI,Boys Cross Country,143302,
Hamilton High School,WI,Boys Football,146175,
Hamilton High School,WI,Boys Football,146175,
Hamilton High School,WI,Boys Golf,142204,
Hamilton High School,WI,Boys Golf,142204,
Hamilton High School,WI,Boys Lacrosse-Boys,140740,
Hamilton High School,WI,Boys Lacrosse-Boys,140740,
Hamilton High School,WI,Boys Soccer,146986,
Hamilton High School,WI,Boys Soccer,146986,
Hamilton High School,WI,Boys Tennis,142550,
Hamilton High School,WI,Boys Tennis,142550,
Hamilton High School,WI,Boys Track and Field,145336,
Hamilton High School,WI,Boys Track and Field,145336,
Hamilton High School,WI,Boys Volleyball,146856,
Hamilton High School,WI,Boys Volleyball,146856,
Hamilton High School,WI,Boys Wrestling,144740,
Hamilton High School,WI,Boys Wrestling,144740,
Hamilton High School,WI,Girls Basketball,141762,
Hamilton High School,WI,Girls Basketball,141762,
Hamilton High School,WI,Girls Cross Country,142964,
Hamilton High School,WI,Girls Cross Country,142964,
Hamilton High School,WI,Girls Golf,144150,
Hamilton High School,WI,Girls Golf,144150,
Hamilton High School,WI,Girls Gymnastics,147029,
Hamilton High School,WI,Girls Gymnastics,147029,
Hamilton High School,WI,Girls Lacrosse-Girls,140779,
Hamilton High School,WI,Girls Lacrosse-Girls,140779,
Hamilton High School,WI,Girls Soccer,144272,
Hamilton High School,WI,Girls Soccer,144272,
Hamilton High School,WI,Girls Softball,144980,
Hamilton High School,WI,Girls Softball,144980,
Hamilton High School,WI,Girls Tennis,144570,
Hamilton High School,WI,Girls Tennis,144570,
Hamilton High School,WI,Girls Track and Field,145722,
Hamilton High School,WI,Girls Track and Field,145722,
Hamilton High School,WI,Girls Volleyball,143645,
Hamilton High School,WI,Girls Volleyball,143645,
Hamilton High School,WI,Girls Wrestling,147313,
Hamilton High School,WI,Girls Wrestling,147313,
Highland High School,WI,Boys Baseball,141252,
Highland High School,WI,Boys Basketball,141667,
Highland High School,WI,Boys Football 8-Player,151194,
Highland High School,WI,Girls Basketball,142113,
Highland High School,WI,Girls Softball,145273,
Highland High School,WI,Girls Volleyball,143997,
Hilbert High School,WI,Boys Baseball,148053,
Hilbert High School,WI,Boys Basketball,141668,
Hilbert High School,WI,Boys Cross Country,147095,
Hilbert High School,WI,Boys Football,146901,
Hilbert High School,WI,Boys Track and Field,147124,
Hilbert High School,WI,Girls Basketball,142114,
Hilbert High School,WI,Girls Cross Country,147096,
Hilbert High School,WI,Girls Softball,150636,
Hilbert High School,WI,Girls Track and Field,147125,
Hilbert High School,WI,Girls Volleyball,143998,
Hillsboro High School,WI,Boys Baseball,141253,
Hillsboro High School,WI,Boys Basketball,141669,
Hillsboro High School,WI,Boys Cross Country,143536,
Hillsboro High School,WI,Boys Football,146177,
Hillsboro High School,WI,Boys Golf,140531,
Hillsboro High School,WI,Boys Track and Field,145614,
Hillsboro High School,WI,Boys Wrestling,144904,
Hillsboro High School,WI,Girls Basketball,142115,
Hillsboro High School,WI,Girls Cross Country,143196,
Hillsboro High School,WI,Girls Softball,145274,
Hillsboro High School,WI,Girls Track and Field,145996,
Hillsboro High School,WI,Girls Volleyball,143999,
Hillsboro High School,WI,Girls Wrestling,153895,
Holmen High School,WI,Boys Baseball,140990,
Holmen High School,WI,Boys Basketball,141377,
Holmen High School,WI,Boys Cross Country,143304,
Holmen High School,WI,Boys Football,146178,
Holmen High School,WI,Boys Golf,142206,
Holmen High School,WI,Boys Soccer,142748,
Holmen High School,WI,Boys Swimming & Diving,139850,
Holmen High School,WI,Boys Tennis,142552,
Holmen High School,WI,Boys Track and Field,145338,
Holmen High School,WI,Boys Wrestling,144742,
Holmen High School,WI,Girls Basketball,141826,
Holmen High School,WI,Girls Cross Country,142966,
Holmen High School,WI,Girls Golf,144152,
Holmen High School,WI,Girls Gymnastics,144065,
Holmen High School,WI,Girls Soccer,144324,
Holmen High School,WI,Girls Softball,144982,
Holmen High School,WI,Girls Swimming & Diving,139168,
Holmen High School,WI,Girls Tennis,144572,
Holmen High School,WI,Girls Track and Field,145724,
Holmen High School,WI,Girls Volleyball,143647,
Holmen High School,WI,Girls Wrestling,149593,
Horicon High School,WI,Boys Baseball,141173,
Horicon High School,WI,Boys Basketball,141573,
Horicon High School,WI,Boys Cross Country,143537,
Horicon High School,WI,Boys Football,154148,
Horicon High School,WI,Boys Golf,142413,
Horicon High School,WI,Boys Track and Field,145615,
Horicon High School,WI,Boys Wrestling,144905,
Horicon High School,WI,Girls Basketball,142021,
Horicon High School,WI,Girls Cross Country,143197,
Horicon High School,WI,Girls Softball,145216,
Horicon High School,WI,Girls Track and Field,145997,
Horicon High School,WI,Girls Volleyball,143879,
Horicon High School,WI,Girls Wrestling,149561,
Hortonville High School,WI,Boys Baseball,140991,
Hortonville High School,WI,Boys Basketball,141378,
Hortonville High School,WI,Boys Cross Country,143306,
Hortonville High School,WI,Boys Football,146180,
Hortonville High School,WI,Boys Golf,142208,
Hortonville High School,WI,Boys Soccer,142750,
Hortonville High School,WI,Boys Tennis,154112,
Hortonville High School,WI,Boys Track and Field,145340,
Hortonville High School,WI,Boys Volleyball,153973,
Hortonville High School,WI,Boys Wrestling,144744,
Hortonville High School,WI,Girls Basketball,141827,
Hortonville High School,WI,Girls Cross Country,142968,
Hortonville High School,WI,Girls Golf,144154,
Hortonville High School,WI,Girls Soccer,144326,
Hortonville High School,WI,Girls Softball,144984,
Hortonville High School,WI,Girls Tennis,153972,
Hortonville High School,WI,Girls Track and Field,145726,
Hortonville High School,WI,Girls Volleyball,143649,
Hortonville High School,WI,Girls Wrestling,147303,
Howards Grove High School,WI,Boys Baseball,146917,
Howards Grove High School,WI,Boys Basketball,141574,
Howards Grove High School,WI,Boys Cross Country,143538,
Howards Grove High School,WI,Boys Football,146181,
Howards Grove High School,WI,Boys Golf,142414,
Howards Grove High School,WI,Boys Soccer,154561,
Howards Grove High School,WI,Boys Tennis,140648,
Howards Grove High School,WI,Boys Track and Field,145473,
Howards Grove High School,WI,Girls Basketball,142022,
Howards Grove High School,WI,Girls Cross Country,143198,
Howards Grove High School,WI,Girls Soccer,144431,
Howards Grove High School,WI,Girls Softball,145140,
Howards Grove High School,WI,Girls Tennis,154656,
Howards Grove High School,WI,Girls Track and Field,145858,
Howards Grove High School,WI,Girls Volleyball,143880,
Hustisford High School,WI,Boys Baseball,140486,
Hustisford High School,WI,Boys Basketball,141671,
Hustisford High School,WI,Boys Track and Field,146940,
Hustisford High School,WI,Boys Wrestling,144906,
Hustisford High School,WI,Girls Soccer,156082,
Hustisford High School,WI,Girls Track and Field,146941,
Hustisford High School,WI,Girls Volleyball,144001,
Iola-Scandinavia High School,WI,Boys Baseball,141174,
Iola-Scandinavia High School,WI,Boys Basketball,141575,
Iola-Scandinavia High School,WI,Boys Cross Country,143540,
Iola-Scandinavia High School,WI,Boys Football,146183,
Iola-Scandinavia High School,WI,Boys Golf,142415,
Iola-Scandinavia High School,WI,Boys Track and Field,145617,
Iola-Scandinavia High School,WI,Girls Basketball,142023,
Iola-Scandinavia High School,WI,Girls Cross Country,143200,
Iola-Scandinavia High School,WI,Girls Softball,145217,
Iola-Scandinavia High School,WI,Girls Track and Field,145999,
Iola-Scandinavia High School,WI,Girls Volleyball,143881,
Iowa Grant High School,WI,Boys Baseball,141175,
Iowa Grant High School,WI,Boys Basketball,141576,
Iowa Grant High School,WI,Boys Cross Country,143541,
Iowa Grant High School,WI,Boys Football,146184,
Iowa Grant High School,WI,Boys Golf,142416,
Iowa Grant High School,WI,Boys Track and Field,147053,
Iowa Grant High School,WI,Boys Wrestling,155419,
Iowa Grant High School,WI,Girls Basketball,142024,
Iowa Grant High School,WI,Girls Cross Country,143201,
Iowa Grant High School,WI,Girls Softball,145218,
Iowa Grant High School,WI,Girls Track and Field,147054,
Iowa Grant High School,WI,Girls Volleyball,143882,
Iowa Grant High School,WI,Girls Wrestling,155480,
Ithaca High School,WI,Boys Baseball,141255,
Ithaca High School,WI,Boys Basketball,141672,
Ithaca High School,WI,Boys Football,146185,
Ithaca High School,WI,Boys Track and Field,140677,
Ithaca High School,WI,Boys Wrestling,139910,
Ithaca High School,WI,Girls Softball,140607,
Ithaca High School,WI,Girls Track and Field,140711,
Ithaca High School,WI,Girls Volleyball,144002,
Ithaca High School,WI,Girls Wrestling,139992,
Janesville Craig High School,WI,Boys Baseball,140993,
Janesville Craig High School,WI,Boys Basketball,141316,
Janesville Craig High School,WI,Boys Cross Country,143308,
Janesville Craig High School,WI,Boys Football,146186,
Janesville Craig High School,WI,Boys Golf,142210,
Janesville Craig High School,WI,Boys Lacrosse-Boys,156049,
Janesville Craig High School,WI,Boys Soccer,142699,
Janesville Craig High School,WI,Boys Swimming & Diving,142473,
Janesville Craig High School,WI,Boys Tennis,142555,
Janesville Craig High School,WI,Boys Track and Field,145342,
Janesville Craig High School,WI,Boys Wrestling,144746,
Janesville Craig High School,WI,Girls Basketball,141766,
Janesville Craig High School,WI,Girls Cross Country,142970,
Janesville Craig High School,WI,Girls Golf,144156,
Janesville Craig High School,WI,Girls Gymnastics,144068,
Janesville Craig High School,WI,Girls Lacrosse-Girls,156062,
Janesville Craig High School,WI,Girls Soccer,144275,
Janesville Craig High School,WI,Girls Softball,144986,
Janesville Craig High School,WI,Girls Swimming & Diving,144478,
Janesville Craig High School,WI,Girls Tennis,144575,
Janesville Craig High School,WI,Girls Track and Field,145728,
Janesville Craig High School,WI,Girls Volleyball,143651,
Janesville Craig High School,WI,Girls Wrestling,149588,
Janesville Parker High School,WI,Boys Baseball,140994,
Janesville Parker High School,WI,Boys Basketball,141317,
Janesville Parker High School,WI,Boys Cross Country,143309,
Janesville Parker High School,WI,Boys Football,146187,
Janesville Parker High School,WI,Boys Golf,142211,
Janesville Parker High School,WI,Boys Hockey,155531,
Janesville Parker High School,WI,Boys Soccer,142700,
Janesville Parker High School,WI,Boys Swimming & Diving,142474,
Janesville Parker High School,WI,Boys Tennis,142556,
Janesville Parker High School,WI,Boys Track and Field,145343,
Janesville Parker High School,WI,Boys Wrestling,144747,
Janesville Parker High School,WI,Girls Basketball,141767,
Janesville Parker High School,WI,Girls Cross Country,142971,
Janesville Parker High School,WI,Girls Golf,144157,
Janesville Parker High School,WI,Girls Gymnastics,144069,
Janesville Parker High School,WI,Girls Hockey,140085,
Janesville Parker High School,WI,Girls Soccer,144276,
Janesville Parker High School,WI,Girls Softball,144987,
Janesville Parker High School,WI,Girls Swimming & Diving,147154,
Janesville Parker High School,WI,Girls Tennis,144576,
Janesville Parker High School,WI,Girls Track and Field,145729,
Janesville Parker High School,WI,Girls Volleyball,143652,
Janesville Parker High School,WI,Girls Wrestling,147595,
Jefferson High School,WI,Boys Baseball,141080,
Jefferson High School,WI,Boys Basketball,141379,
Jefferson High School,WI,Boys Cross Country,143417,
Jefferson High School,WI,Boys Football,146188,
Jefferson High School,WI,Boys Golf,142316,
Jefferson High School,WI,Boys Soccer,142809,
Jefferson High School,WI,Boys Swimming & Diving,155364,
Jefferson High School,WI,Boys Tennis,142641,
Jefferson High School,WI,Boys Track and Field,145474,
Jefferson High School,WI,Boys Wrestling,144829,
Jefferson High School,WI,Girls Basketball,141828,
Jefferson High School,WI,Girls Cross Country,143077,
Jefferson High School,WI,Girls Golf,144233,
Jefferson High School,WI,Girls Gymnastics,155317,
Jefferson High School,WI,Girls Soccer,144386,
Jefferson High School,WI,Girls Softball,145068,
Jefferson High School,WI,Girls Swimming & Diving,154623,
Jefferson High School,WI,Girls Tennis,144678,
Jefferson High School,WI,Girls Track and Field,145859,
Jefferson High School,WI,Girls Volleyball,143756,
Jefferson High School,WI,Girls Wrestling,147568,
Johnson Creek High School,WI,Boys Baseball,141256,
Johnson Creek High School,WI,Boys Basketball,141673,
Johnson Creek High School,WI,Boys Cross Country,143542,
Johnson Creek High School,WI,Boys Football,146189,
Johnson Creek High School,WI,Boys Track and Field,145618,
Johnson Creek High School,WI,Boys Wrestling,144907,
Johnson Creek High School,WI,Girls Basketball,142118,
Johnson Creek High School,WI,Girls Cross Country,143202,
Johnson Creek High School,WI,Girls Soccer,154093,
Johnson Creek High School,WI,Girls Softball,145276,
Johnson Creek High School,WI,Girls Track and Field,146000,
Johnson Creek High School,WI,Girls Volleyball,144003,
Johnson Creek High School,WI,Girls Wrestling,149600,
Juda High School,WI,Boys Basketball,141674,
Juda High School,WI,Girls Basketball,142119,
Juda High School,WI,Girls Softball,140609,
Juda High School,WI,Girls Volleyball,144004,
Kaukauna High School,WI,Boys Baseball,140995,
Kaukauna High School,WI,Boys Basketball,141380,
Kaukauna High School,WI,Boys Cross Country,143310,
Kaukauna High School,WI,Boys Football,146190,
Kaukauna High School,WI,Boys Golf,142212,
Kaukauna High School,WI,Boys Soccer,142751,
Kaukauna High School,WI,Boys Tennis,142557,
Kaukauna High School,WI,Boys Track and Field,145344,
Kaukauna High School,WI,Boys Volleyball,142907,
Kaukauna High School,WI,Boys Wrestling,144748,
Kaukauna High School,WI,Girls Basketball,141829,
Kaukauna High School,WI,Girls Cross Country,142972,
Kaukauna High School,WI,Girls Golf,144158,
Kaukauna High School,WI,Girls Gymnastics,144070,
Kaukauna High School,WI,Girls Soccer,144327,
Kaukauna High School,WI,Girls Softball,144988,
Kaukauna High School,WI,Girls Tennis,144577,
Kaukauna High School,WI,Girls Track and Field,145730,
Kaukauna High School,WI,Girls Volleyball,143653,
Kaukauna High School,WI,Girls Wrestling,155258,
Kenosha Bradford High School,WI,Boys Baseball,150097,
Kenosha Bradford High School,WI,Boys Basketball,141318,
Kenosha Bradford High School,WI,Boys Cross Country,149658,
Kenosha Bradford High School,WI,Boys Football,151851,
Kenosha Bradford High School,WI,Boys Golf,150098,
Kenosha Bradford High School,WI,Boys Hockey,155533,
Kenosha Bradford High School,WI,Boys Soccer,149660,
Kenosha Bradford High School,WI,Boys Swimming & Diving,149661,
Kenosha Bradford High School,WI,Boys Tennis,150101,
Kenosha Bradford High School,WI,Boys Track and Field,150102,
Kenosha Bradford High School,WI,Boys Volleyball,149664,
Kenosha Bradford High School,WI,Boys Wrestling,150096,
Kenosha Bradford High School,WI,Girls Basketball,141768,
Kenosha Bradford High School,WI,Girls Cross Country,149657,
Kenosha Bradford High School,WI,Girls Golf,149659,
Kenosha Bradford High School,WI,Girls Soccer,150099,
Kenosha Bradford High School,WI,Girls Softball,150100,
Kenosha Bradford High School,WI,Girls Swimming & Diving,149662,
Kenosha Bradford High School,WI,Girls Tennis,149663,
Kenosha Bradford High School,WI,Girls Track and Field,150103,
Kenosha Bradford High School,WI,Girls Volleyball,149665,
Kenosha Bradford High School,WI,Girls Wrestling,147264,
Kenosha St. Joseph Catholic High School,WI,Boys Baseball,141177,
Kenosha St. Joseph Catholic High School,WI,Boys Basketball,141578,
Kenosha St. Joseph Catholic High School,WI,Boys Cross Country,143544,
Kenosha St. Joseph Catholic High School,WI,Boys Football,146192,
Kenosha St. Joseph Catholic High School,WI,Boys Golf,142317,
Kenosha St. Joseph Catholic High School,WI,Boys Soccer,142862,
Kenosha St. Joseph Catholic High School,WI,Boys Tennis,142642,
Kenosha St. Joseph Catholic High School,WI,Boys Track and Field,145475,
Kenosha St. Joseph Catholic High School,WI,Boys Wrestling,144909,
Kenosha St. Joseph Catholic High School,WI,Girls Basketball,142026,
Kenosha St. Joseph Catholic High School,WI,Girls Cross Country,143204,
Kenosha St. Joseph Catholic High School,WI,Girls Soccer,144433,
Kenosha St. Joseph Catholic High School,WI,Girls Softball,140611,
Kenosha St. Joseph Catholic High School,WI,Girls Tennis,144679,
Kenosha St. Joseph Catholic High School,WI,Girls Track and Field,145860,
Kenosha St. Joseph Catholic High School,WI,Girls Volleyball,143884,
Kenosha St. Joseph Catholic High School,WI,Girls Wrestling,147293,
Kenosha Tremper High School,WI,Boys Baseball,140997,
Kenosha Tremper High School,WI,Boys Basketball,141320,
Kenosha Tremper High School,WI,Boys Cross Country,143312,
Kenosha Tremper High School,WI,Boys Football,146193,
Kenosha Tremper High School,WI,Boys Golf,142214,
Kenosha Tremper High School,WI,Boys Soccer,142702,
Kenosha Tremper High School,WI,Boys Swimming & Diving,142476,
Kenosha Tremper High School,WI,Boys Tennis,142559,
Kenosha Tremper High School,WI,Boys Track and Field,145346,
Kenosha Tremper High School,WI,Boys Volleyball,142909,
Kenosha Tremper High School,WI,Boys Wrestling,144750,
Kenosha Tremper High School,WI,Girls Basketball,141770,
Kenosha Tremper High School,WI,Girls Cross Country,142974,
Kenosha Tremper High School,WI,Girls Golf,144160,
Kenosha Tremper High School,WI,Girls Gymnastics,155318,
Kenosha Tremper High School,WI,Girls Soccer,144278,
Kenosha Tremper High School,WI,Girls Softball,144990,
Kenosha Tremper High School,WI,Girls Swimming & Diving,144480,
Kenosha Tremper High School,WI,Girls Tennis,144579,
Kenosha Tremper High School,WI,Girls Track and Field,145732,
Kenosha Tremper High School,WI,Girls Volleyball,143655,
Kenosha Tremper High School,WI,Girls Wrestling,147266,
Kettle Moraine High School,WI,Boys Baseball,146878,
Kettle Moraine High School,WI,Boys Basketball,141321,
Kettle Moraine High School,WI,Boys Cross Country,143313,
Kettle Moraine High School,WI,Boys Football,146194,
Kettle Moraine High School,WI,Boys Golf,142215,
Kettle Moraine High School,WI,Boys Hockey,155535,
Kettle Moraine High School,WI,Boys Lacrosse-Boys,140742,
Kettle Moraine High School,WI,Boys Soccer,142703,
Kettle Moraine High School,WI,Boys Tennis,142560,
Kettle Moraine High School,WI,Boys Track and Field,145347,
Kettle Moraine High School,WI,Boys Volleyball,142910,
Kettle Moraine High School,WI,Boys Wrestling,144751,
Kettle Moraine High School,WI,Girls Basketball,141771,
Kettle Moraine High School,WI,Girls Cross Country,142975,
Kettle Moraine High School,WI,Girls Golf,144161,
Kettle Moraine High School,WI,Girls Lacrosse-Girls,154068,
Kettle Moraine High School,WI,Girls Soccer,144279,
Kettle Moraine High School,WI,Girls Softball,144991,
Kettle Moraine High School,WI,Girls Tennis,144580,
Kettle Moraine High School,WI,Girls Track and Field,145733,
Kettle Moraine High School,WI,Girls Volleyball,143656,
Kettle Moraine High School,WI,Girls Wrestling,153871,
Kewaskum High School,WI,Boys Baseball,146923,
Kewaskum High School,WI,Boys Basketball,141381,
Kewaskum High School,WI,Boys Cross Country,143419,
Kewaskum High School,WI,Boys Football,146196,
Kewaskum High School,WI,Boys Golf,142319,
Kewaskum High School,WI,Boys Soccer,142810,
Kewaskum High School,WI,Boys Tennis,142643,
Kewaskum High School,WI,Boys Track and Field,145477,
Kewaskum High School,WI,Boys Wrestling,144830,
Kewaskum High School,WI,Girls Basketball,141830,
Kewaskum High School,WI,Girls Cross Country,143079,
Kewaskum High School,WI,Girls Golf,152347,
Kewaskum High School,WI,Girls Soccer,144387,
Kewaskum High School,WI,Girls Softball,145069,
Kewaskum High School,WI,Girls Tennis,144680,
Kewaskum High School,WI,Girls Track and Field,145862,
Kewaskum High School,WI,Girls Volleyball,143758,
Kewaskum High School,WI,Girls Wrestling,153998,
Kewaunee High School,WI,Boys Baseball,141178,
Kewaunee High School,WI,Boys Basketball,141479,
Kewaunee High School,WI,Boys Cross Country,143545,
Kewaunee High School,WI,Boys Football,146197,
Kewaunee High School,WI,Boys Golf,150505,
Kewaunee High School,WI,Boys Soccer,142864,
Kewaunee High School,WI,Boys Track and Field,145478,
Kewaunee High School,WI,Boys Wrestling,144910,
Kewaunee High School,WI,Girls Basketball,141928,
Kewaunee High School,WI,Girls Cross Country,143205,
Kewaunee High School,WI,Girls Soccer,144435,
Kewaunee High School,WI,Girls Softball,145142,
Kewaunee High School,WI,Girls Track and Field,145863,
Kewaunee High School,WI,Girls Volleyball,143885,
Kewaunee High School,WI,Girls Wrestling,154052,
Kickapoo High School,WI,Boys Baseball,141257,
Kickapoo High School,WI,Boys Basketball,141675,
Kickapoo High School,WI,Boys Cross Country,154458,
Kickapoo High School,WI,Boys Football 8-Player,154207,
Kickapoo High School,WI,Boys Track and Field,156185,
Kickapoo High School,WI,Boys Wrestling,155421,
Kickapoo High School,WI,Girls Basketball,142120,
Kickapoo High School,WI,Girls Cross Country,154504,
Kickapoo High School,WI,Girls Softball,145277,
Kickapoo High School,WI,Girls Track and Field,156216,
Kickapoo High School,WI,Girls Volleyball,144005,
Kickapoo High School,WI,Girls Wrestling,155482,
Kiel High School,WI,Boys Baseball,146905,
Kiel High School,WI,Boys Basketball,141480,
Kiel High School,WI,Boys Cross Country,143420,
Kiel High School,WI,Boys Football,146198,
Kiel High School,WI,Boys Golf,142320,
Kiel High School,WI,Boys Soccer,142811,
Kiel High School,WI,Boys Swimming & Diving,139852,
Kiel High School,WI,Boys Track and Field,145479,
Kiel High School,WI,Boys Wrestling,144831,
Kiel High School,WI,Girls Basketball,141929,
Kiel High School,WI,Girls Cross Country,143080,
Kiel High School,WI,Girls Golf,153841,
Kiel High School,WI,Girls Soccer,144436,
Kiel High School,WI,Girls Softball,145143,
Kiel High School,WI,Girls Swimming & Diving,139170,
Kiel High School,WI,Girls Tennis,144681,
Kiel High School,WI,Girls Track and Field,145864,
Kiel High School,WI,Girls Volleyball,143759,
Kiel High School,WI,Girls Wrestling,154844,
Kimberly High School,WI,Boys Baseball,140998,
Kimberly High School,WI,Boys Basketball,141322,
Kimberly High School,WI,Boys Cross Country,143314,
Kimberly High School,WI,Boys Football,146199,
Kimberly High School,WI,Boys Golf,142216,
Kimberly High School,WI,Boys Hockey,155537,
Kimberly High School,WI,Boys Lacrosse-Boys,153950,
Kimberly High School,WI,Boys Soccer,142704,
Kimberly High School,WI,Boys Tennis,142561,
Kimberly High School,WI,Boys Track and Field,145348,
Kimberly High School,WI,Boys Volleyball,142911,
Kimberly High School,WI,Boys Wrestling,144752,
Kimberly High School,WI,Girls Basketball,141772,
Kimberly High School,WI,Girls Cross Country,142976,
Kimberly High School,WI,Girls Golf,144162,
Kimberly High School,WI,Girls Lacrosse-Girls,153932,
Kimberly High School,WI,Girls Soccer,144280,
Kimberly High School,WI,Girls Softball,144992,
Kimberly High School,WI,Girls Tennis,144581,
Kimberly High School,WI,Girls Track and Field,145734,
Kimberly High School,WI,Girls Volleyball,143657,
Kimberly High School,WI,Girls Wrestling,149464,
Kohler High School,WI,Boys Baseball,156003,
Kohler High School,WI,Boys Basketball,141579,
Kohler High School,WI,Boys Cross Country,146771,
Kohler High School,WI,Boys Football,154153,
Kohler High School,WI,Boys Golf,142418,
Kohler High School,WI,Boys Soccer,142865,
Kohler High School,WI,Boys Tennis,142644,
Kohler High School,WI,Boys Track and Field,150637,
Kohler High School,WI,Girls Basketball,142027,
Kohler High School,WI,Girls Cross Country,146772,
Kohler High School,WI,Girls Soccer,144437,
Kohler High School,WI,Girls Swimming & Diving,139172,
Kohler High School,WI,Girls Tennis,144682,
Kohler High School,WI,Girls Track and Field,150638,
Kohler High School,WI,Girls Volleyball,143886,
LaFarge High School,WI,Boys Baseball,153902,
LaFarge High School,WI,Boys Basketball,154862,
LaFarge High School,WI,Girls Basketball,155286,
LaFarge High School,WI,Girls Softball,147129,
LaFarge High School,WI,Girls Volleyball,154686,
Laconia High School,WI,Boys Baseball,141179,
Laconia High School,WI,Boys Basketball,141580,
Laconia High School,WI,Boys Cross Country,143547,
Laconia High School,WI,Boys Football,146202,
Laconia High School,WI,Boys Golf,142419,
Laconia High School,WI,Boys Track and Field,145480,
Laconia High School,WI,Boys Wrestling,144911,
Laconia High School,WI,Girls Basketball,142028,
Laconia High School,WI,Girls Cross Country,143207,
Laconia High School,WI,Girls Softball,145144,
Laconia High School,WI,Girls Track and Field,145865,
Laconia High School,WI,Girls Volleyball,143887,
Laconia High School,WI,Girls Wrestling,149603,
Lacrosse Aquinas High School,WI,Boys Baseball,141144,
Lacrosse Aquinas High School,WI,Boys Basketball,141540,
Lacrosse Aquinas High School,WI,Boys Cross Country,143493,
Lacrosse Aquinas High School,WI,Boys Football,146078,
Lacrosse Aquinas High School,WI,Boys Golf,146834,
Lacrosse Aquinas High School,WI,Boys Hockey,140042,
Lacrosse Aquinas High School,WI,Boys Soccer,142849,
Lacrosse Aquinas High School,WI,Boys Tennis,146726,
Lacrosse Aquinas High School,WI,Boys Track and Field,145435,
Lacrosse Aquinas High School,WI,Boys Wrestling,144876,
Lacrosse Aquinas High School,WI,Girls Basketball,141988,
Lacrosse Aquinas High School,WI,Girls Cross Country,143151,
Lacrosse Aquinas High School,WI,Girls Golf,144213,
Lacrosse Aquinas High School,WI,Girls Soccer,144419,
Lacrosse Aquinas High School,WI,Girls Softball,145121,
Lacrosse Aquinas High School,WI,Girls Tennis,144659,
Lacrosse Aquinas High School,WI,Girls Track and Field,145821,
Lacrosse Aquinas High School,WI,Girls Volleyball,143840,
Lacrosse Aquinas High School,WI,Girls Wrestling,147276,
Lacrosse Central High School,WI,Boys Baseball,140999,
Lacrosse Central High School,WI,Boys Basketball,141382,
Lacrosse Central High School,WI,Boys Cross Country,143315,
Lacrosse Central High School,WI,Boys Football,146200,
Lacrosse Central High School,WI,Boys Golf,140535,
Lacrosse Central High School,WI,Boys Lacrosse-Boys,156051,
Lacrosse Central High School,WI,Boys Soccer,142752,
Lacrosse Central High School,WI,Boys Tennis,142562,
Lacrosse Central High School,WI,Boys Track and Field,145349,
Lacrosse Central High School,WI,Girls Basketball,141831,
Lacrosse Central High School,WI,Girls Cross Country,142977,
Lacrosse Central High School,WI,Girls Golf,139091,
Lacrosse Central High School,WI,Girls Gymnastics,155319,
Lacrosse Central High School,WI,Girls Soccer,144328,
Lacrosse Central High School,WI,Girls Softball,144993,
Lacrosse Central High School,WI,Girls Tennis,144582,
Lacrosse Central High School,WI,Girls Track and Field,145735,
Lacrosse Central High School,WI,Girls Volleyball,143658,
Lacrosse Logan High School,WI,Boys Baseball,141000,
Lacrosse Logan High School,WI,Boys Basketball,141383,
Lacrosse Logan High School,WI,Boys Cross Country,143316,
Lacrosse Logan High School,WI,Boys Football,146201,
Lacrosse Logan High School,WI,Boys Soccer,142753,
Lacrosse Logan High School,WI,Boys Swimming & Diving,139854,
Lacrosse Logan High School,WI,Boys Tennis,142645,
Lacrosse Logan High School,WI,Boys Track and Field,145350,
Lacrosse Logan High School,WI,Boys Wrestling,139912,
Lacrosse Logan High School,WI,Girls Basketball,141832,
Lacrosse Logan High School,WI,Girls Cross Country,142978,
Lacrosse Logan High School,WI,Girls Soccer,156084,
Lacrosse Logan High School,WI,Girls Softball,145070,
Lacrosse Logan High School,WI,Girls Swimming & Diving,139174,
Lacrosse Logan High School,WI,Girls Tennis,144583,
Lacrosse Logan High School,WI,Girls Track and Field,145736,
Lacrosse Logan High School,WI,Girls Volleyball,143760,
Lacrosse Logan High School,WI,Girls Wrestling,139994,
Lake Mills High School,WI,Boys Baseball,141083,
Lake Mills High School,WI,Boys Basketball,141481,
Lake Mills High School,WI,Boys Cross Country,143421,
Lake Mills High School,WI,Boys Football,146205,
Lake Mills High School,WI,Boys Golf,142322,
Lake Mills High School,WI,Boys Soccer,142867,
Lake Mills High School,WI,Boys Track and Field,145482,
Lake Mills High School,WI,Boys Wrestling,144832,
Lake Mills High School,WI,Girls Basketball,141930,
Lake Mills High School,WI,Girls Cross Country,143081,
Lake Mills High School,WI,Girls Soccer,144438,
Lake Mills High School,WI,Girls Softball,145146,
Lake Mills High School,WI,Girls Tennis,144683,
Lake Mills High School,WI,Girls Track and Field,145867,
Lake Mills High School,WI,Girls Volleyball,143761,
Lake Mills High School,WI,Girls Wrestling,153982,
Lakeside Lutheran High School,WI,Boys Baseball,141084,
Lakeside Lutheran High School,WI,Boys Basketball,141482,
Lakeside Lutheran High School,WI,Boys Cross Country,143423,
Lakeside Lutheran High School,WI,Boys Football,146206,
Lakeside Lutheran High School,WI,Boys Golf,142323,
Lakeside Lutheran High School,WI,Boys Soccer,142868,
Lakeside Lutheran High School,WI,Boys Track and Field,145484,
Lakeside Lutheran High School,WI,Boys Wrestling,144833,
Lakeside Lutheran High School,WI,Girls Basketball,141931,
Lakeside Lutheran High School,WI,Girls Cross Country,143083,
Lakeside Lutheran High School,WI,Girls Golf,144235,
Lakeside Lutheran High School,WI,Girls Soccer,144439,
Lakeside Lutheran High School,WI,Girls Softball,145147,
Lakeside Lutheran High School,WI,Girls Track and Field,145869,
Lakeside Lutheran High School,WI,Girls Volleyball,143763,
Lakeside Lutheran High School,WI,Girls Wrestling,154055,
Lancaster High School,WI,Boys Baseball,141182,
Lancaster High School,WI,Boys Basketball,141583,
Lancaster High School,WI,Boys Cross Country,143550,
Lancaster High School,WI,Boys Football,146207,
Lancaster High School,WI,Boys Golf,142422,
Lancaster High School,WI,Boys Track and Field,145485,
Lancaster High School,WI,Boys Wrestling,144914,
Lancaster High School,WI,Girls Basketball,142031,
Lancaster High School,WI,Girls Cross Country,143210,
Lancaster High School,WI,Girls Golf,144236,
Lancaster High School,WI,Girls Softball,145148,
Lancaster High School,WI,Girls Track and Field,145870,
Lancaster High School,WI,Girls Volleyball,143890,
Lancaster High School,WI,Girls Wrestling,149630,
Lena High School,WI,Boys Baseball,147248,
Lena High School,WI,Boys Basketball,141678,
Lena High School,WI,Boys Cross Country,139004,
Lena High School,WI,Boys Football 8-Player,154209,
Lena High School,WI,Boys Golf,142423,
Lena High School,WI,Boys Track and Field,140679,
Lena High School,WI,Boys Wrestling,147020,
Lena High School,WI,Girls Basketball,142122,
Lena High School,WI,Girls Cross Country,139045,
Lena High School,WI,Girls Softball,140616,
Lena High School,WI,Girls Track and Field,140713,
Lena High School,WI,Girls Volleyball,144008,
Lena High School,WI,Girls Wrestling,150700,
Little Chute High School,WI,Boys Baseball,141085,
Little Chute High School,WI,Boys Basketball,141483,
Little Chute High School,WI,Boys Cross Country,143424,
Little Chute High School,WI,Boys Football,146208,
Little Chute High School,WI,Boys Golf,142324,
Little Chute High School,WI,Boys Soccer,147085,
Little Chute High School,WI,Boys Track and Field,145486,
Little Chute High School,WI,Boys Wrestling,144834,
Little Chute High School,WI,Girls Basketball,141932,
Little Chute High School,WI,Girls Cross Country,143084,
Little Chute High School,WI,Girls Golf,144237,
Little Chute High School,WI,Girls Soccer,144389,
Little Chute High School,WI,Girls Softball,145072,
Little Chute High School,WI,Girls Track and Field,145871,
Little Chute High School,WI,Girls Volleyball,143764,
Little Chute High School,WI,Girls Wrestling,155141,
Living Word High School,WI,Boys Baseball,141259,
Living Word High School,WI,Boys Basketball,141680,
Living Word High School,WI,Boys Cross Country,143552,
Living Word High School,WI,Boys Football,146209,
Living Word High School,WI,Boys Golf,142424,
Living Word High School,WI,Boys Soccer,142869,
Living Word High School,WI,Boys Track and Field,145623,
Living Word High School,WI,Boys Wrestling,146748,
Living Word High School,WI,Girls Basketball,142124,
Living Word High School,WI,Girls Cross Country,143212,
Living Word High School,WI,Girls Soccer,144440,
Living Word High School,WI,Girls Softball,153913,
Living Word High School,WI,Girls Track and Field,146005,
Living Word High School,WI,Girls Volleyball,144009,
Living Word High School,WI,Girls Wrestling,153894,
Lodi High School,WI,Boys Baseball,141086,
Lodi High School,WI,Boys Basketball,141484,
Lodi High School,WI,Boys Cross Country,143425,
Lodi High School,WI,Boys Football,146210,
Lodi High School,WI,Boys Golf,142325,
Lodi High School,WI,Boys Soccer,142813,
Lodi High School,WI,Boys Track and Field,145487,
Lodi High School,WI,Boys Wrestling,144835,
Lodi High School,WI,Girls Basketball,141933,
Lodi High School,WI,Girls Cross Country,143085,
Lodi High School,WI,Girls Soccer,144390,
Lodi High School,WI,Girls Softball,145073,
Lodi High School,WI,Girls Swimming & Diving,139178,
Lodi High School,WI,Girls Tennis,144685,
Lodi High School,WI,Girls Track and Field,145872,
Lodi High School,WI,Girls Volleyball,143765,
Lodi High School,WI,Girls Wrestling,150714,
Lomira High School,WI,Boys Baseball,141087,
Lomira High School,WI,Boys Basketball,141485,
Lomira High School,WI,Boys Cross Country,143426,
Lomira High School,WI,Boys Football,146211,
Lomira High School,WI,Boys Golf,142326,
Lomira High School,WI,Boys Soccer,142870,
Lomira High School,WI,Boys Track and Field,145488,
Lomira High School,WI,Boys Wrestling,144836,
Lomira High School,WI,Girls Basketball,141934,
Lomira High School,WI,Girls Cross Country,143086,
Lomira High School,WI,Girls Soccer,144441,
Lomira High School,WI,Girls Softball,145149,
Lomira High School,WI,Girls Track and Field,145873,
Lomira High School,WI,Girls Volleyball,143766,
Lomira High School,WI,Girls Wrestling,149592,
Lourdes Academy High School,WI,Boys Baseball,154094,
Lourdes Academy High School,WI,Boys Basketball,141584,
Lourdes Academy High School,WI,Boys Cross Country,143553,
Lourdes Academy High School,WI,Boys Football,146278,
Lourdes Academy High School,WI,Boys Golf,154089,
Lourdes Academy High School,WI,Boys Soccer,139132,
Lourdes Academy High School,WI,Boys Track and Field,145624,
Lourdes Academy High School,WI,Boys Wrestling,153844,
Lourdes Academy High School,WI,Girls Basketball,142032,
Lourdes Academy High School,WI,Girls Cross Country,143213,
Lourdes Academy High School,WI,Girls Golf,154441,
Lourdes Academy High School,WI,Girls Soccer,156087,
Lourdes Academy High School,WI,Girls Softball,147042,
Lourdes Academy High School,WI,Girls Tennis,144686,
Lourdes Academy High School,WI,Girls Track and Field,146006,
Lourdes Academy High School,WI,Girls Volleyball,143892,
Lourdes Academy High School,WI,Girls Wrestling,154235,
Madison Country Day High School,WI,Boys Basketball,141683,
Madison Country Day High School,WI,Boys Cross Country,152352,
Madison Country Day High School,WI,Boys Soccer,154563,
Madison Country Day High School,WI,Boys Tennis,140650,
Madison Country Day High School,WI,Boys Track and Field,148196,
Madison Country Day High School,WI,Boys Volleyball,139226,
Madison Country Day High School,WI,Girls Basketball,142127,
Madison Country Day High School,WI,Girls Cross Country,152353,
Madison Country Day High School,WI,Girls Soccer,156089,
Madison Country Day High School,WI,Girls Tennis,154435,
Madison Country Day High School,WI,Girls Track and Field,148197,
Madison Country Day High School,WI,Girls Volleyball,146749,
Madison East High School,WI,Boys Baseball,141001,
Madison East High School,WI,Boys Basketball,141323,
Madison East High School,WI,Boys Cross Country,143317,
Madison East High School,WI,Boys Football,146215,
Madison East High School,WI,Boys Golf,142217,
Madison East High School,WI,Boys Soccer,142705,
Madison East High School,WI,Boys Swimming & Diving,155366,
Madison East High School,WI,Boys Tennis,142563,
Madison East High School,WI,Boys Track and Field,145351,
Madison East High School,WI,Boys Volleyball,142912,
Madison East High School,WI,Boys Wrestling,144753,
Madison East High School,WI,Girls Basketball,141773,
Madison East High School,WI,Girls Cross Country,142979,
Madison East High School,WI,Girls Golf,144163,
Madison East High School,WI,Girls Gymnastics,154060,
Madison East High School,WI,Girls Soccer,144281,
Madison East High School,WI,Girls Swimming & Diving,144481,
Madison East High School,WI,Girls Tennis,144584,
Madison East High School,WI,Girls Track and Field,145737,
Madison East High School,WI,Girls Volleyball,143659,
Madison East High School,WI,Girls Wrestling,149652,
Madison Edgewood High School,WI,Boys Baseball,141073,
Madison Edgewood High School,WI,Boys Basketball,141470,
Madison Edgewood High School,WI,Boys Cross Country,143409,
Madison Edgewood High School,WI,Boys Football,146216,
Madison Edgewood High School,WI,Boys Golf,142309,
Madison Edgewood High School,WI,Boys Hockey,144101,
Madison Edgewood High School,WI,Boys Lacrosse-Boys,140736,
Madison Edgewood High School,WI,Boys Soccer,142804,
Madison Edgewood High School,WI,Boys Swimming & Diving,142499,
Madison Edgewood High School,WI,Boys Tennis,142637,
Madison Edgewood High School,WI,Boys Track and Field,145464,
Madison Edgewood High School,WI,Boys Volleyball,153980,
Madison Edgewood High School,WI,Girls Basketball,141919,
Madison Edgewood High School,WI,Girls Cross Country,143069,
Madison Edgewood High School,WI,Girls Golf,144227,
Madison Edgewood High School,WI,Girls Lacrosse-Girls,140777,
Madison Edgewood High School,WI,Girls Soccer,144380,
Madison Edgewood High School,WI,Girls Softball,154357,
Madison Edgewood High School,WI,Girls Swimming & Diving,144509,
Madison Edgewood High School,WI,Girls Tennis,144675,
Madison Edgewood High School,WI,Girls Track and Field,145849,
Madison Edgewood High School,WI,Girls Volleyball,143748,
Madison Lafollette High School,WI,Boys Baseball,141002,
Madison Lafollette High School,WI,Boys Basketball,141324,
Madison Lafollette High School,WI,Boys Cross Country,143318,
Madison Lafollette High School,WI,Boys Football,146217,
Madison Lafollette High School,WI,Boys Golf,142218,
Madison Lafollette High School,WI,Boys Lacrosse-Boys,140744,
Madison Lafollette High School,WI,Boys Soccer,142706,
Madison Lafollette High School,WI,Boys Tennis,142564,
Madison Lafollette High School,WI,Boys Track and Field,145352,
Madison Lafollette High School,WI,Boys Volleyball,142913,
Madison Lafollette High School,WI,Boys Wrestling,144754,
Madison Lafollette High School,WI,Girls Basketball,141774,
Madison Lafollette High School,WI,Girls Cross Country,142980,
Madison Lafollette High School,WI,Girls Golf,144164,
Madison Lafollette High School,WI,Girls Gymnastics,154058,
Madison Lafollette High School,WI,Girls Soccer,144282,
Madison Lafollette High School,WI,Girls Softball,140620,
Madison Lafollette High School,WI,Girls Swimming & Diving,144482,
Madison Lafollette High School,WI,Girls Tennis,144585,
Madison Lafollette High School,WI,Girls Track and Field,145738,
Madison Lafollette High School,WI,Girls Volleyball,143660,
Madison Lafollette High School,WI,Girls Wrestling,151342,
Madison Memorial High School,WI,Boys Baseball,141003,
Madison Memorial High School,WI,Boys Basketball,141325,
Madison Memorial High School,WI,Boys Cross Country,143319,
Madison Memorial High School,WI,Boys Football,146218,
Madison Memorial High School,WI,Boys Golf,142219,
Madison Memorial High School,WI,Boys Hockey,144104,
Madison Memorial High School,WI,Boys Soccer,142707,
Madison Memorial High School,WI,Boys Swimming & Diving,142477,
Madison Memorial High School,WI,Boys Tennis,142565,
Madison Memorial High School,WI,Boys Track and Field,145353,
Madison Memorial High School,WI,Boys Volleyball,142914,
Madison Memorial High School,WI,Boys Wrestling,144755,
Madison Memorial High School,WI,Girls Basketball,141775,
Madison Memorial High School,WI,Girls Cross Country,142981,
Madison Memorial High School,WI,Girls Golf,144165,
Madison Memorial High School,WI,Girls Gymnastics,154061,
Madison Memorial High School,WI,Girls Soccer,144283,
Madison Memorial High School,WI,Girls Softball,144994,
Madison Memorial High School,WI,Girls Swimming & Diving,144483,
Madison Memorial High School,WI,Girls Tennis,144586,
Madison Memorial High School,WI,Girls Track and Field,145739,
Madison Memorial High School,WI,Girls Volleyball,143661,
Madison Memorial High School,WI,Girls Wrestling,151344,
Madison West High School,WI,Boys Baseball,141004,
Madison West High School,WI,Boys Basketball,141326,
Madison West High School,WI,Boys Cross Country,143320,
Madison West High School,WI,Boys Football,146219,
Madison West High School,WI,Boys Golf,142220,
Madison West High School,WI,Boys Hockey,144105,
Madison West High School,WI,Boys Soccer,142708,
Madison West High School,WI,Boys Swimming & Diving,142478,
Madison West High School,WI,Boys Tennis,142566,
Madison West High School,WI,Boys Track and Field,145354,
Madison West High School,WI,Boys Volleyball,142915,
Madison West High School,WI,Boys Wrestling,144756,
Madison West High School,WI,Girls Basketball,141776,
Madison West High School,WI,Girls Cross Country,142982,
Madison West High School,WI,Girls Golf,144166,
Madison West High School,WI,Girls Gymnastics,154059,
Madison West High School,WI,Girls Soccer,144284,
Madison West High School,WI,Girls Softball,144995,
Madison West High School,WI,Girls Swimming & Diving,144484,
Madison West High School,WI,Girls Tennis,144587,
Madison West High School,WI,Girls Track and Field,145740,
Madison West High School,WI,Girls Volleyball,143662,
Madison West High School,WI,Girls Wrestling,151343,
Manawa High School,WI,Boys Baseball,141184,
Manawa High School,WI,Boys Basketball,141586,
Manawa High School,WI,Boys Cross Country,143555,
Manawa High School,WI,Boys Football,146220,
Manawa High School,WI,Boys Golf,142426,
Manawa High School,WI,Boys Track and Field,145627,
Manawa High School,WI,Boys Wrestling,144915,
Manawa High School,WI,Girls Basketball,142034,
Manawa High School,WI,Girls Cross Country,143215,
Manawa High School,WI,Girls Softball,145221,
Manawa High School,WI,Girls Track and Field,146009,
Manawa High School,WI,Girls Volleyball,143894,
Manawa High School,WI,Girls Wrestling,150467,
Manitowoc Lincoln High School,WI,Boys Baseball,141005,
Manitowoc Lincoln High School,WI,Boys Basketball,141327,
Manitowoc Lincoln High School,WI,Boys Cross Country,143321,
Manitowoc Lincoln High School,WI,Boys Football,146221,
Manitowoc Lincoln High School,WI,Boys Golf,142221,
Manitowoc Lincoln High School,WI,Boys Hockey,155541,
Manitowoc Lincoln High School,WI,Boys Soccer,142709,
Manitowoc Lincoln High School,WI,Boys Swimming & Diving,142479,
Manitowoc Lincoln High School,WI,Boys Tennis,142567,
Manitowoc Lincoln High School,WI,Boys Track and Field,145355,
Manitowoc Lincoln High School,WI,Boys Wrestling,144757,
Manitowoc Lincoln High School,WI,Girls Basketball,141777,
Manitowoc Lincoln High School,WI,Girls Cross Country,142983,
Manitowoc Lincoln High School,WI,Girls Golf,154016,
Manitowoc Lincoln High School,WI,Girls Gymnastics,144071,
Manitowoc Lincoln High School,WI,Girls Soccer,144285,
Manitowoc Lincoln High School,WI,Girls Softball,144996,
Manitowoc Lincoln High School,WI,Girls Swimming & Diving,144485,
Manitowoc Lincoln High School,WI,Girls Tennis,144588,
Manitowoc Lincoln High School,WI,Girls Track and Field,145741,
Manitowoc Lincoln High School,WI,Girls Volleyball,143663,
Manitowoc Lincoln High School,WI,Girls Wrestling,149465,
Manitowoc Lutheran High School,WI,Boys Baseball,141185,
Manitowoc Lutheran High School,WI,Boys Basketball,141587,
Manitowoc Lutheran High School,WI,Boys Cross Country,143556,
Manitowoc Lutheran High School,WI,Boys Football,146222,
Manitowoc Lutheran High School,WI,Boys Soccer,154257,
Manitowoc Lutheran High School,WI,Boys Track and Field,145628,
Manitowoc Lutheran High School,WI,Boys Wrestling,147481,
Manitowoc Lutheran High School,WI,Girls Basketball,142035,
Manitowoc Lutheran High School,WI,Girls Cross Country,143216,
Manitowoc Lutheran High School,WI,Girls Soccer,154262,
Manitowoc Lutheran High School,WI,Girls Softball,145222,
Manitowoc Lutheran High School,WI,Girls Track and Field,146010,
Manitowoc Lutheran High School,WI,Girls Volleyball,143895,
Manitowoc Lutheran High School,WI,Girls Wrestling,154032,
Marinette High School,WI,Boys Baseball,141089,
Marinette High School,WI,Boys Basketball,141386,
Marinette High School,WI,Boys Cross Country,143428,
Marinette High School,WI,Boys Football,146224,
Marinette High School,WI,Boys Golf,142328,
Marinette High School,WI,Boys Soccer,142815,
Marinette High School,WI,Boys Track and Field,145490,
Marinette High School,WI,Boys Wrestling,144838,
Marinette High School,WI,Girls Basketball,141835,
Marinette High School,WI,Girls Cross Country,143088,
Marinette High School,WI,Girls Golf,144239,
Marinette High School,WI,Girls Soccer,144392,
Marinette High School,WI,Girls Softball,145075,
Marinette High School,WI,Girls Swimming & Diving,154625,
Marinette High School,WI,Girls Tennis,144688,
Marinette High School,WI,Girls Track and Field,145875,
Marinette High School,WI,Girls Volleyball,143768,
Marinette High School,WI,Girls Wrestling,147641,
Marion High School,WI,Boys Baseball,141260,
Marion High School,WI,Boys Basketball,141684,
Marion High School,WI,Boys Cross Country,169483,
Marion High School,WI,Boys Football 8-Player,154213,
Marion High School,WI,Boys Golf,142428,
Marion High School,WI,Boys Track and Field,140681,
Marion High School,WI,Girls Basketball,155288,
Marion High School,WI,Girls Cross Country,169481,
Marion High School,WI,Girls Softball,145278,
Marion High School,WI,Girls Track and Field,140715,
Marion High School,WI,Girls Volleyball,144012,
Markesan High School,WI,Boys Baseball,141187,
Markesan High School,WI,Boys Basketball,141589,
Markesan High School,WI,Boys Cross Country,143558,
Markesan High School,WI,Boys Football,146225,
Markesan High School,WI,Boys Golf,142429,
Markesan High School,WI,Boys Track and Field,145630,
Markesan High School,WI,Boys Wrestling,144917,
Markesan High School,WI,Girls Basketball,142037,
Markesan High School,WI,Girls Cross Country,143218,
Markesan High School,WI,Girls Gymnastics,144082,
Markesan High School,WI,Girls Softball,145224,
Markesan High School,WI,Girls Track and Field,146012,
Markesan High School,WI,Girls Volleyball,143897,
Markesan High School,WI,Girls Wrestling,154066,
Marshall High School,WI,Boys Baseball,141188,
Marshall High School,WI,Boys Basketball,141486,
Marshall High School,WI,Boys Cross Country,143559,
Marshall High School,WI,Boys Football,146227,
Marshall High School,WI,Boys Track and Field,145491,
Marshall High School,WI,Boys Wrestling,144918,
Marshall High School,WI,Girls Basketball,141935,
Marshall High School,WI,Girls Cross Country,143219,
Marshall High School,WI,Girls Softball,145150,
Marshall High School,WI,Girls Track and Field,145876,
Marshall High School,WI,Girls Volleyball,143898,
Marshall High School,WI,Girls Wrestling,147302,
Mauston High School,WI,Boys Baseball,141091,
Mauston High School,WI,Boys Basketball,141488,
Mauston High School,WI,Boys Cross Country,143430,
Mauston High School,WI,Boys Football,146230,
Mauston High School,WI,Boys Golf,155035,
Mauston High School,WI,Boys Soccer,142817,
Mauston High School,WI,Boys Tennis,142648,
Mauston High School,WI,Boys Track and Field,145493,
Mauston High School,WI,Boys Wrestling,139914,
Mauston High School,WI,Girls Basketball,141937,
Mauston High School,WI,Girls Cross Country,143090,
Mauston High School,WI,Girls Golf,155034,
Mauston High School,WI,Girls Soccer,144393,
Mauston High School,WI,Girls Softball,145076,
Mauston High School,WI,Girls Tennis,144690,
Mauston High School,WI,Girls Track and Field,145877,
Mauston High School,WI,Girls Volleyball,143770,
Mauston High School,WI,Girls Wrestling,153849,
Mayville High School,WI,Boys Baseball,141092,
Mayville High School,WI,Boys Basketball,141489,
Mayville High School,WI,Boys Cross Country,143431,
Mayville High School,WI,Boys Football,146231,
Mayville High School,WI,Boys Golf,142330,
Mayville High School,WI,Boys Soccer,142871,
Mayville High School,WI,Boys Track and Field,145494,
Mayville High School,WI,Boys Wrestling,144840,
Mayville High School,WI,Girls Basketball,141938,
Mayville High School,WI,Girls Cross Country,143091,
Mayville High School,WI,Girls Soccer,144443,
Mayville High School,WI,Girls Softball,145152,
Mayville High School,WI,Girls Tennis,144691,
Mayville High School,WI,Girls Track and Field,145878,
Mayville High School,WI,Girls Volleyball,143771,
McFarland High School,WI,Boys Baseball,141093,
McFarland High School,WI,Boys Basketball,141387,
McFarland High School,WI,Boys Cross Country,143432,
McFarland High School,WI,Boys Football,146232,
McFarland High School,WI,Boys Golf,142331,
McFarland High School,WI,Boys Hockey,144107,
McFarland High School,WI,Boys Soccer,142818,
McFarland High School,WI,Boys Swimming & Diving,142504,
McFarland High School,WI,Boys Tennis,142649,
McFarland High School,WI,Boys Track and Field,145495,
McFarland High School,WI,Boys Volleyball,154674,
McFarland High School,WI,Girls Basketball,141836,
McFarland High School,WI,Girls Cross Country,143092,
McFarland High School,WI,Girls Golf,144168,
McFarland High School,WI,Girls Soccer,144394,
McFarland High School,WI,Girls Softball,145077,
McFarland High School,WI,Girls Swimming & Diving,144515,
McFarland High School,WI,Girls Tennis,144692,
McFarland High School,WI,Girls Track and Field,145879,
McFarland High School,WI,Girls Volleyball,143772,
Menasha High School,WI,Boys Baseball,141007,
Menasha High School,WI,Boys Basketball,141389,
Menasha High School,WI,Boys Cross Country,143324,
Menasha High School,WI,Boys Football,146236,
Menasha High School,WI,Boys Soccer,142755,
Menasha High School,WI,Boys Tennis,142570,
Menasha High School,WI,Boys Track and Field,145358,
Menasha High School,WI,Boys Wrestling,144759,
Menasha High School,WI,Girls Basketball,141838,
Menasha High School,WI,Girls Cross Country,142985,
Menasha High School,WI,Girls Soccer,144330,
Menasha High School,WI,Girls Softball,144998,
Menasha High School,WI,Girls Tennis,144590,
Menasha High School,WI,Girls Track and Field,145743,
Menasha High School,WI,Girls Volleyball,143665,
Menasha High School,WI,Girls Wrestling,147619,
Menominee Indian High School,WI,Boys Baseball,141190,
Menominee Indian High School,WI,Boys Basketball,141591,
Menominee Indian High School,WI,Boys Cross Country,143563,
Menominee Indian High School,WI,Boys Football 8-Player,150214,
Menominee Indian High School,WI,Boys Golf,140559,
Menominee Indian High School,WI,Boys Track and Field,145497,
Menominee Indian High School,WI,Boys Wrestling,144919,
Menominee Indian High School,WI,Girls Basketball,142039,
Menominee Indian High School,WI,Girls Cross Country,143223,
Menominee Indian High School,WI,Girls Softball,145226,
Menominee Indian High School,WI,Girls Track and Field,145881,
Menominee Indian High School,WI,Girls Volleyball,143900,
Menominee Indian High School,WI,Girls Wrestling,147278,
Menomonee Falls High School,WI,Boys Baseball,146936,
Menomonee Falls High School,WI,Boys Basketball,141330,
Menomonee Falls High School,WI,Boys Cross Country,143325,
Menomonee Falls High School,WI,Boys Football,146237,
Menomonee Falls High School,WI,Boys Golf,142224,
Menomonee Falls High School,WI,Boys Soccer,146992,
Menomonee Falls High School,WI,Boys Swimming & Diving,155368,
Menomonee Falls High School,WI,Boys Tennis,142571,
Menomonee Falls High School,WI,Boys Track and Field,145359,
Menomonee Falls High School,WI,Boys Volleyball,149644,
Menomonee Falls High School,WI,Boys Wrestling,144760,
Menomonee Falls High School,WI,Girls Basketball,141779,
Menomonee Falls High School,WI,Girls Cross Country,142986,
Menomonee Falls High School,WI,Girls Golf,144169,
Menomonee Falls High School,WI,Girls Gymnastics,155323,
Menomonee Falls High School,WI,Girls Soccer,144286,
Menomonee Falls High School,WI,Girls Softball,144999,
Menomonee Falls High School,WI,Girls Swimming & Diving,154627,
Menomonee Falls High School,WI,Girls Tennis,144591,
Menomonee Falls High School,WI,Girls Track and Field,145744,
Menomonee Falls High School,WI,Girls Volleyball,143666,
Menomonee Falls High School,WI,Girls Wrestling,151341,
Merrill High School,WI,Boys Baseball,141008,
Merrill High School,WI,Boys Basketball,141391,
Merrill High School,WI,Boys Cross Country,143327,
Merrill High School,WI,Boys Football,146239,
Merrill High School,WI,Boys Golf,142226,
Merrill High School,WI,Boys Hockey,155144,
Merrill High School,WI,Boys Soccer,142757,
Merrill High School,WI,Boys Track and Field,145361,
Merrill High School,WI,Boys Wrestling,144762,
Merrill High School,WI,Girls Basketball,141840,
Merrill High School,WI,Girls Cross Country,142988,
Merrill High School,WI,Girls Soccer,144332,
Merrill High School,WI,Girls Softball,145079,
Merrill High School,WI,Girls Swimming & Diving,144518,
Merrill High School,WI,Girls Tennis,144593,
Merrill High School,WI,Girls Track and Field,145746,
Merrill High School,WI,Girls Volleyball,143774,
Merrill High School,WI,Girls Wrestling,149490,
Middleton High School,WI,Boys Baseball,141009,
Middleton High School,WI,Boys Basketball,141331,
Middleton High School,WI,Boys Cross Country,143328,
Middleton High School,WI,Boys Football,146240,
Middleton High School,WI,Boys Golf,142227,
Middleton High School,WI,Boys Hockey,144109,
Middleton High School,WI,Boys Lacrosse-Boys,153952,
Middleton High School,WI,Boys Soccer,142711,
Middleton High School,WI,Boys Swimming & Diving,142482,
Middleton High School,WI,Boys Tennis,142573,
Middleton High School,WI,Boys Track and Field,145362,
Middleton High School,WI,Boys Volleyball,142917,
Middleton High School,WI,Boys Wrestling,144763,
Middleton High School,WI,Girls Basketball,141780,
Middleton High School,WI,Girls Cross Country,142989,
Middleton High School,WI,Girls Golf,144171,
Middleton High School,WI,Girls Gymnastics,144073,
Middleton High School,WI,Girls Hockey,155603,
Middleton High School,WI,Girls Lacrosse-Girls,153933,
Middleton High School,WI,Girls Soccer,144287,
Middleton High School,WI,Girls Softball,145001,
Middleton High School,WI,Girls Swimming & Diving,144487,
Middleton High School,WI,Girls Tennis,144594,
Middleton High School,WI,Girls Track and Field,145747,
Middleton High School,WI,Girls Volleyball,143668,
Middleton High School,WI,Girls Wrestling,154046,
Milton High School,WI,Boys Baseball,141010,
Milton High School,WI,Boys Basketball,141393,
Milton High School,WI,Boys Cross Country,143329,
Milton High School,WI,Boys Football,146241,
Milton High School,WI,Boys Golf,142228,
Milton High School,WI,Boys Hockey,155548,
Milton High School,WI,Boys Soccer,142758,
Milton High School,WI,Boys Swimming & Diving,142507,
Milton High School,WI,Boys Tennis,142574,
Milton High School,WI,Boys Track and Field,145363,
Milton High School,WI,Boys Wrestling,144764,
Milton High School,WI,Girls Basketball,141842,
Milton High School,WI,Girls Cross Country,142990,
Milton High School,WI,Girls Golf,144172,
Milton High School,WI,Girls Gymnastics,155324,
Milton High School,WI,Girls Soccer,144333,
Milton High School,WI,Girls Softball,145002,
Milton High School,WI,Girls Swimming & Diving,144488,
Milton High School,WI,Girls Tennis,144595,
Milton High School,WI,Girls Track and Field,145748,
Milton High School,WI,Girls Volleyball,143669,
Milton High School,WI,Girls Wrestling,154029,
Mineral Point High School,WI,Boys Baseball,141191,
Mineral Point High School,WI,Boys Basketball,141593,
Mineral Point High School,WI,Boys Football,146246,
Mineral Point High School,WI,Boys Golf,142432,
Mineral Point High School,WI,Boys Wrestling,144920,
Mineral Point High School,WI,Girls Basketball,142040,
Mineral Point High School,WI,Girls Softball,145227,
Mineral Point High School,WI,Girls Volleyball,143902,
Mineral Point High School,WI,Girls Wrestling,149571,
Monona Grove High School,WI,Boys Baseball,141013,
Monona Grove High School,WI,Boys Basketball,141398,
Monona Grove High School,WI,Boys Cross Country,143332,
Monona Grove High School,WI,Boys Football,146249,
Monona Grove High School,WI,Boys Golf,142230,
Monona Grove High School,WI,Boys Hockey,144110,
Monona Grove High School,WI,Boys Soccer,142760,
Monona Grove High School,WI,Boys Swimming & Diving,142508,
Monona Grove High School,WI,Boys Tennis,142578,
Monona Grove High School,WI,Boys Track and Field,145368,
Monona Grove High School,WI,Boys Wrestling,155433,
Monona Grove High School,WI,Girls Basketball,141846,
Monona Grove High School,WI,Girls Cross Country,142993,
Monona Grove High School,WI,Girls Golf,144173,
Monona Grove High School,WI,Girls Gymnastics,153868,
Monona Grove High School,WI,Girls Soccer,144334,
Monona Grove High School,WI,Girls Softball,145007,
Monona Grove High School,WI,Girls Swimming & Diving,144519,
Monona Grove High School,WI,Girls Tennis,144599,
Monona Grove High School,WI,Girls Track and Field,145753,
Monona Grove High School,WI,Girls Volleyball,143676,
Monona Grove High School,WI,Girls Wrestling,155494,
Monroe High School,WI,Boys Baseball,141096,
Monroe High School,WI,Boys Basketball,141399,
Monroe High School,WI,Boys Cross Country,143436,
Monroe High School,WI,Boys Football,146250,
Monroe High School,WI,Boys Golf,142334,
Monroe High School,WI,Boys Hockey,155552,
Monroe High School,WI,Boys Soccer,142822,
Monroe High School,WI,Boys Tennis,142653,
Monroe High School,WI,Boys Track and Field,145501,
Monroe High School,WI,Boys Wrestling,144842,
Monroe High School,WI,Girls Basketball,141847,
Monroe High School,WI,Girls Cross Country,143095,
Monroe High School,WI,Girls Soccer,144397,
Monroe High School,WI,Girls Softball,145082,
Monroe High School,WI,Girls Swimming & Diving,154631,
Monroe High School,WI,Girls Tennis,144695,
Monroe High School,WI,Girls Track and Field,145885,
Monroe High School,WI,Girls Volleyball,143779,
Monroe High School,WI,Girls Wrestling,150708,
Montello High School,WI,Boys Baseball,141194,
Montello High School,WI,Boys Basketball,141596,
Montello High School,WI,Boys Football 8-Player,150213,
Montello High School,WI,Boys Golf,142434,
Montello High School,WI,Boys Track and Field,155923,
Montello High School,WI,Boys Wrestling,144922,
Montello High School,WI,Girls Basketball,142043,
Montello High School,WI,Girls Softball,145230,
Montello High School,WI,Girls Track and Field,155924,
Montello High School,WI,Girls Volleyball,143905,
Monticello High School,WI,Boys Baseball,140502,
Monticello High School,WI,Boys Basketball,141689,
Monticello High School,WI,Boys Football 8-Player,151196,
Monticello High School,WI,Boys Golf,140541,
Monticello High School,WI,Boys Track and Field,145635,
Monticello High School,WI,Girls Softball,156142,
Monticello High School,WI,Girls Track and Field,146017,
Monticello High School,WI,Girls Volleyball,144016,
Mount Horeb School District,WI,Boys Baseball,141098,
Mount Horeb School District,WI,Boys Basketball,141401,
Mount Horeb School District,WI,Boys Cross Country,143438,
Mount Horeb School District,WI,Boys Football,154171,
Mount Horeb School District,WI,Boys Golf,142336,
Mount Horeb School District,WI,Boys Soccer,142824,
Mount Horeb School District,WI,Boys Swimming & Diving,147435,
Mount Horeb School District,WI,Boys Track and Field,145503,
Mount Horeb School District,WI,Boys Wrestling,139925,
Mount Horeb School District,WI,Girls Basketball,141849,
Mount Horeb School District,WI,Girls Cross Country,143097,
Mount Horeb School District,WI,Girls Golf,144174,
Mount Horeb School District,WI,Girls Gymnastics,144084,
Mount Horeb School District,WI,Girls Soccer,144399,
Mount Horeb School District,WI,Girls Softball,145084,
Mount Horeb School District,WI,Girls Swimming & Diving,147436,
Mount Horeb School District,WI,Girls Track and Field,145887,
Mount Horeb School District,WI,Girls Volleyball,143781,
Mount Horeb School District,WI,Girls Wrestling,140005,
Mukwonago High School,WI,Boys Baseball,146880,
Mukwonago High School,WI,Boys Basketball,141337,
Mukwonago High School,WI,Boys Cross Country,143333,
Mukwonago High School,WI,Boys Football,146252,
Mukwonago High School,WI,Boys Golf,142231,
Mukwonago High School,WI,Boys Lacrosse-Boys,156052,
Mukwonago High School,WI,Boys Soccer,142715,
Mukwonago High School,WI,Boys Tennis,142579,
Mukwonago High School,WI,Boys Track and Field,145369,
Mukwonago High School,WI,Boys Volleyball,142918,
Mukwonago High School,WI,Boys Wrestling,144766,
Mukwonago High School,WI,Girls Basketball,141786,
Mukwonago High School,WI,Girls Cross Country,142994,
Mukwonago High School,WI,Girls Golf,144175,
Mukwonago High School,WI,Girls Gymnastics,155325,
Mukwonago High School,WI,Girls Lacrosse-Girls,140783,
Mukwonago High School,WI,Girls Soccer,144290,
Mukwonago High School,WI,Girls Softball,145008,
Mukwonago High School,WI,Girls Tennis,144600,
Mukwonago High School,WI,Girls Track and Field,145754,
Mukwonago High School,WI,Girls Volleyball,143677,
Mukwonago High School,WI,Girls Wrestling,147304,
Muskego High School,WI,Boys Baseball,146859,
Muskego High School,WI,Boys Basketball,141338,
Muskego High School,WI,Boys Cross Country,143334,
Muskego High School,WI,Boys Football,146253,
Muskego High School,WI,Boys Golf,142232,
Muskego High School,WI,Boys Hockey,140063,
Muskego High School,WI,Boys Lacrosse-Boys,153917,
Muskego High School,WI,Boys Soccer,142716,
Muskego High School,WI,Boys Swimming & Diving,142483,
Muskego High School,WI,Boys Tennis,142580,
Muskego High School,WI,Boys Track and Field,145370,
Muskego High School,WI,Boys Volleyball,142919,
Muskego High School,WI,Boys Wrestling,144767,
Muskego High School,WI,Girls Basketball,141787,
Muskego High School,WI,Girls Cross Country,142995,
Muskego High School,WI,Girls Golf,144176,
Muskego High School,WI,Girls Lacrosse-Girls,153934,
Muskego High School,WI,Girls Soccer,144291,
Muskego High School,WI,Girls Softball,145009,
Muskego High School,WI,Girls Swimming & Diving,144489,
Muskego High School,WI,Girls Tennis,144601,
Muskego High School,WI,Girls Track and Field,145755,
Muskego High School,WI,Girls Volleyball,143678,
Muskego High School,WI,Girls Wrestling,147281,
N.E.W. Lutheran High School,WI,Boys Baseball,156021,
N.E.W. Lutheran High School,WI,Boys Basketball,154036,
N.E.W. Lutheran High School,WI,Boys Football 8-Player,154205,
N.E.W. Lutheran High School,WI,Boys Golf,156029,
N.E.W. Lutheran High School,WI,Boys Soccer,152350,
N.E.W. Lutheran High School,WI,Boys Track and Field,155936,
N.E.W. Lutheran High School,WI,Girls Basketball,154037,
N.E.W. Lutheran High School,WI,Girls Softball,156133,
N.E.W. Lutheran High School,WI,Girls Track and Field,155937,
N.E.W. Lutheran High School,WI,Girls Volleyball,152351,
Necedah High School,WI,Boys Basketball,141597,
Necedah High School,WI,Boys Cross Country,143567,
Necedah High School,WI,Boys Football,146254,
Necedah High School,WI,Boys Track and Field,145636,
Necedah High School,WI,Girls Basketball,142044,
Necedah High School,WI,Girls Cross Country,143227,
Necedah High School,WI,Girls Softball,145231,
Necedah High School,WI,Girls Track and Field,146018,
Necedah High School,WI,Girls Volleyball,143906,
Neenah High School,WI,Boys Baseball,141014,
Neenah High School,WI,Boys Basketball,141339,
Neenah High School,WI,Boys Cross Country,143335,
Neenah High School,WI,Boys Football,146255,
Neenah High School,WI,Boys Golf,142233,
Neenah High School,WI,Boys Hockey,155554,
Neenah High School,WI,Boys Lacrosse-Boys,153953,
Neenah High School,WI,Boys Soccer,142717,
Neenah High School,WI,Boys Swimming & Diving,142484,
Neenah High School,WI,Boys Tennis,142581,
Neenah High School,WI,Boys Track and Field,145371,
Neenah High School,WI,Boys Volleyball,142920,
Neenah High School,WI,Boys Wrestling,144768,
Neenah High School,WI,Girls Basketball,141788,
Neenah High School,WI,Girls Cross Country,142996,
Neenah High School,WI,Girls Golf,144177,
Neenah High School,WI,Girls Lacrosse-Girls,153935,
Neenah High School,WI,Girls Soccer,144292,
Neenah High School,WI,Girls Softball,145010,
Neenah High School,WI,Girls Swimming & Diving,144490,
Neenah High School,WI,Girls Tennis,144602,
Neenah High School,WI,Girls Track and Field,145756,
Neenah High School,WI,Girls Volleyball,143679,
Neenah High School,WI,Girls Wrestling,147260,
Nekoosa High School,WI,Boys Baseball,141099,
Nekoosa High School,WI,Boys Basketball,141490,
Nekoosa High School,WI,Boys Cross Country,147172,
Nekoosa High School,WI,Boys Football,146256,
Nekoosa High School,WI,Boys Golf,142337,
Nekoosa High School,WI,Boys Soccer,142872,
Nekoosa High School,WI,Boys Track and Field,145504,
Nekoosa High School,WI,Boys Wrestling,139933,
Nekoosa High School,WI,Girls Basketball,141940,
Nekoosa High School,WI,Girls Cross Country,147173,
Nekoosa High School,WI,Girls Softball,145153,
Nekoosa High School,WI,Girls Track and Field,145888,
Nekoosa High School,WI,Girls Volleyball,143782,
Nekoosa High School,WI,Girls Wrestling,139931,
New Glarus High School,WI,Boys Baseball,141195,
New Glarus High School,WI,Boys Basketball,141599,
New Glarus High School,WI,Boys Cross Country,154463,
New Glarus High School,WI,Boys Football,151200,
New Glarus High School,WI,Boys Golf,142435,
New Glarus High School,WI,Boys Track and Field,154082,
New Glarus High School,WI,Girls Basketball,142046,
New Glarus High School,WI,Girls Cross Country,154510,
New Glarus High School,WI,Girls Track and Field,154083,
New Glarus High School,WI,Girls Volleyball,143907,
New Holstein High School,WI,Boys Baseball,146903,
New Holstein High School,WI,Boys Basketball,141491,
New Holstein High School,WI,Boys Cross Country,143440,
New Holstein High School,WI,Boys Football,146260,
New Holstein High School,WI,Boys Golf,142339,
New Holstein High School,WI,Boys Soccer,139135,
New Holstein High School,WI,Boys Track and Field,145505,
New Holstein High School,WI,Boys Wrestling,144844,
New Holstein High School,WI,Girls Basketball,141941,
New Holstein High School,WI,Girls Cross Country,143099,
New Holstein High School,WI,Girls Soccer,144444,
New Holstein High School,WI,Girls Softball,145154,
New Holstein High School,WI,Girls Track and Field,145889,
New Holstein High School,WI,Girls Volleyball,143785,
New Holstein High School,WI,Girls Wrestling,150806,
New Lisbon High School,WI,Boys Baseball,140505,
New Lisbon High School,WI,Boys Basketball,141691,
New Lisbon High School,WI,Boys Cross Country,143569,
New Lisbon High School,WI,Boys Football,146261,
New Lisbon High School,WI,Boys Track and Field,145638,
New Lisbon High School,WI,Boys Wrestling,144923,
New Lisbon High School,WI,Girls Basketball,142133,
New Lisbon High School,WI,Girls Cross Country,143228,
New Lisbon High School,WI,Girls Softball,145281,
New Lisbon High School,WI,Girls Track and Field,146020,
New Lisbon High School,WI,Girls Volleyball,144017,
New Lisbon High School,WI,Girls Wrestling,153985,
New London High School,WI,Boys Baseball,141100,
New London High School,WI,Boys Basketball,141404,
New London High School,WI,Boys Cross Country,143441,
New London High School,WI,Boys Football,146262,
New London High School,WI,Boys Golf,142340,
New London High School,WI,Boys Soccer,142826,
New London High School,WI,Boys Track and Field,145374,
New London High School,WI,Boys Wrestling,144845,
New London High School,WI,Girls Basketball,141852,
New London High School,WI,Girls Cross Country,143100,
New London High School,WI,Girls Golf,153989,
New London High School,WI,Girls Soccer,144401,
New London High School,WI,Girls Softball,145087,
New London High School,WI,Girls Swimming & Diving,144522,
New London High School,WI,Girls Tennis,144605,
New London High School,WI,Girls Track and Field,145759,
New London High School,WI,Girls Volleyball,143786,
New London High School,WI,Girls Wrestling,147577,
North Crawford High School,WI,Boys Baseball,141265,
North Crawford High School,WI,Boys Basketball,141694,
North Crawford High School,WI,Boys Cross Country,143570,
North Crawford High School,WI,Boys Football 8-Player,147090,
North Crawford High School,WI,Boys Track and Field,145640,
North Crawford High School,WI,Boys Wrestling,139937,
North Crawford High School,WI,Girls Basketball,142136,
North Crawford High School,WI,Girls Cross Country,143229,
North Crawford High School,WI,Girls Softball,145284,
North Crawford High School,WI,Girls Track and Field,146022,
North Crawford High School,WI,Girls Volleyball,144020,
North Crawford High School,WI,Girls Wrestling,140018,
North Fond Du Lac High School,WI,Boys Baseball,140506,
North Fond Du Lac High School,WI,Boys Basketball,141492,
North Fond Du Lac High School,WI,Boys Cross Country,154364,
North Fond Du Lac High School,WI,Boys Football,146949,
North Fond Du Lac High School,WI,Boys Golf,142341,
North Fond Du Lac High School,WI,Boys Soccer,154569,
North Fond Du Lac High School,WI,Boys Track and Field,145506,
North Fond Du Lac High School,WI,Boys Wrestling,139939,
North Fond Du Lac High School,WI,Girls Basketball,141942,
North Fond Du Lac High School,WI,Girls Cross Country,154365,
North Fond Du Lac High School,WI,Girls Soccer,155670,
North Fond Du Lac High School,WI,Girls Softball,145155,
North Fond Du Lac High School,WI,Girls Track and Field,145890,
North Fond Du Lac High School,WI,Girls Volleyball,143787,
North Fond Du Lac High School,WI,Girls Wrestling,140019,
Notre Dame Academy High School,WI,Boys Baseball,141016,
Notre Dame Academy High School,WI,Boys Basketball,141407,
Notre Dame Academy High School,WI,Boys Cross Country,143444,
Notre Dame Academy High School,WI,Boys Football,146267,
Notre Dame Academy High School,WI,Boys Golf,142237,
Notre Dame Academy High School,WI,Boys Hockey,144113,
Notre Dame Academy High School,WI,Boys Lacrosse-Boys,156054,
Notre Dame Academy High School,WI,Boys Soccer,142827,
Notre Dame Academy High School,WI,Boys Swimming & Diving,139903,
Notre Dame Academy High School,WI,Boys Tennis,142655,
Notre Dame Academy High School,WI,Boys Track and Field,150372,
Notre Dame Academy High School,WI,Boys Volleyball,154676,
Notre Dame Academy High School,WI,Girls Basketball,141855,
Notre Dame Academy High School,WI,Girls Cross Country,143103,
Notre Dame Academy High School,WI,Girls Golf,144180,
Notre Dame Academy High School,WI,Girls Lacrosse-Girls,156064,
Notre Dame Academy High School,WI,Girls Soccer,144338,
Notre Dame Academy High School,WI,Girls Softball,145088,
Notre Dame Academy High School,WI,Girls Swimming & Diving,139190,
Notre Dame Academy High School,WI,Girls Tennis,144608,
Notre Dame Academy High School,WI,Girls Track and Field,145762,
Notre Dame Academy High School,WI,Girls Volleyball,143790,
Notre Dame Academy High School,WI,Girls Wrestling,154031,
Oakfield High School,WI,Boys Basketball,141697,
Oakfield High School,WI,Boys Cross Country,154368,
Oakfield High School,WI,Boys Football 8-Player,146269,
Oakfield High School,WI,Boys Golf,142438,
Oakfield High School,WI,Boys Track and Field,146924,
Oakfield High School,WI,Boys Wrestling,144924,
Oakfield High School,WI,Girls Basketball,142139,
Oakfield High School,WI,Girls Cross Country,154369,
Oakfield High School,WI,Girls Softball,145285,
Oakfield High School,WI,Girls Tennis,154000,
Oakfield High School,WI,Girls Track and Field,146925,
Oakfield High School,WI,Girls Volleyball,144023,
Oakfield High School,WI,Girls Wrestling,147310,
Oconomowoc High School,WI,Boys Baseball,141017,
Oconomowoc High School,WI,Boys Baseball,141017,
Oconomowoc High School,WI,Boys Basketball,141341,
Oconomowoc High School,WI,Boys Basketball,141341,
Oconomowoc High School,WI,Boys Cross Country,143340,
Oconomowoc High School,WI,Boys Cross Country,143340,
Oconomowoc High School,WI,Boys Football,146270,
Oconomowoc High School,WI,Boys Football,146270,
Oconomowoc High School,WI,Boys Golf,142239,
Oconomowoc High School,WI,Boys Golf,142239,
Oconomowoc High School,WI,Boys Lacrosse-Boys,140746,
Oconomowoc High School,WI,Boys Lacrosse-Boys,140746,
Oconomowoc High School,WI,Boys Soccer,142719,
Oconomowoc High School,WI,Boys Soccer,142719,
Oconomowoc High School,WI,Boys Tennis,142586,
Oconomowoc High School,WI,Boys Tennis,142586,
Oconomowoc High School,WI,Boys Track and Field,145378,
Oconomowoc High School,WI,Boys Track and Field,145378,
Oconomowoc High School,WI,Boys Volleyball,149636,
Oconomowoc High School,WI,Boys Volleyball,149636,
Oconomowoc High School,WI,Boys Wrestling,144772,
Oconomowoc High School,WI,Boys Wrestling,144772,
Oconomowoc High School,WI,Girls Basketball,141790,
Oconomowoc High School,WI,Girls Basketball,141790,
Oconomowoc High School,WI,Girls Cross Country,143001,
Oconomowoc High School,WI,Girls Cross Country,143001,
Oconomowoc High School,WI,Girls Golf,144182,
Oconomowoc High School,WI,Girls Golf,144182,
Oconomowoc High School,WI,Girls Gymnastics,144075,
Oconomowoc High School,WI,Girls Gymnastics,144075,
Oconomowoc High School,WI,Girls Lacrosse-Girls,140785,
Oconomowoc High School,WI,Girls Lacrosse-Girls,140785,
Oconomowoc High School,WI,Girls Soccer,144294,
Oconomowoc High School,WI,Girls Soccer,144294,
Oconomowoc High School,WI,Girls Softball,145014,
Oconomowoc High School,WI,Girls Softball,145014,
Oconomowoc High School,WI,Girls Tennis,144610,
Oconomowoc High School,WI,Girls Tennis,144610,
Oconomowoc High School,WI,Girls Track and Field,145764,
Oconomowoc High School,WI,Girls Track and Field,145764,
Oconomowoc High School,WI,Girls Volleyball,143683,
Oconomowoc High School,WI,Girls Volleyball,143683,
Oconomowoc High School,WI,Girls Wrestling,153886,
Oconomowoc High School,WI,Girls Wrestling,153886,
Oconto Falls High School,WI,Boys Baseball,141103,
Oconto Falls High School,WI,Boys Basketball,141497,
Oconto Falls High School,WI,Boys Cross Country,143445,
Oconto Falls High School,WI,Boys Football,146271,
Oconto Falls High School,WI,Boys Golf,142345,
Oconto Falls High School,WI,Boys Track and Field,145511,
Oconto Falls High School,WI,Boys Wrestling,144847,
Oconto Falls High School,WI,Girls Basketball,141947,
Oconto Falls High School,WI,Girls Cross Country,143104,
Oconto Falls High School,WI,Girls Golf,144242,
Oconto Falls High School,WI,Girls Softball,145089,
Oconto Falls High School,WI,Girls Track and Field,145895,
Oconto Falls High School,WI,Girls Volleyball,143791,
Oconto Falls High School,WI,Girls Wrestling,149474,
Oconto High School,WI,Boys Baseball,141196,
Oconto High School,WI,Boys Basketball,141496,
Oconto High School,WI,Boys Cross Country,143571,
Oconto High School,WI,Boys Football,146272,
Oconto High School,WI,Boys Golf,142344,
Oconto High School,WI,Boys Track and Field,145510,
Oconto High School,WI,Boys Wrestling,144925,
Oconto High School,WI,Girls Basketball,141946,
Oconto High School,WI,Girls Cross Country,143230,
Oconto High School,WI,Girls Golf,144241,
Oconto High School,WI,Girls Softball,145158,
Oconto High School,WI,Girls Track and Field,145894,
Oconto High School,WI,Girls Volleyball,143908,
Oconto High School,WI,Girls Wrestling,149580,
Onalaska High School,WI,Boys Baseball,141018,
Onalaska High School,WI,Boys Basketball,141408,
Onalaska High School,WI,Boys Cross Country,143341,
Onalaska High School,WI,Boys Football,146274,
Onalaska High School,WI,Boys Golf,142240,
Onalaska High School,WI,Boys Hockey,155556,
Onalaska High School,WI,Boys Soccer,142764,
Onalaska High School,WI,Boys Tennis,142587,
Onalaska High School,WI,Boys Track and Field,145379,
Onalaska High School,WI,Boys Wrestling,155436,
Onalaska High School,WI,Girls Basketball,141856,
Onalaska High School,WI,Girls Cross Country,143002,
Onalaska High School,WI,Girls Golf,144183,
Onalaska High School,WI,Girls Gymnastics,155327,
Onalaska High School,WI,Girls Soccer,144339,
Onalaska High School,WI,Girls Softball,146887,
Onalaska High School,WI,Girls Tennis,144611,
Onalaska High School,WI,Girls Track and Field,145765,
Onalaska High School,WI,Girls Volleyball,143684,
Onalaska High School,WI,Girls Wrestling,150716,
Onalaska Luther High School,WI,Boys Baseball,141183,
Onalaska Luther High School,WI,Boys Basketball,141585,
Onalaska Luther High School,WI,Boys Cross Country,143554,
Onalaska Luther High School,WI,Boys Football,146213,
Onalaska Luther High School,WI,Boys Golf,142425,
Onalaska Luther High School,WI,Boys Track and Field,145626,
Onalaska Luther High School,WI,Girls Basketball,142033,
Onalaska Luther High School,WI,Girls Cross Country,143214,
Onalaska Luther High School,WI,Girls Softball,145220,
Onalaska Luther High School,WI,Girls Tennis,144687,
Onalaska Luther High School,WI,Girls Track and Field,146008,
Onalaska Luther High School,WI,Girls Volleyball,143893,
Oostburg High School,WI,Boys Baseball,146929,
Oostburg High School,WI,Boys Basketball,141499,
Oostburg High School,WI,Boys Cross Country,143572,
Oostburg High School,WI,Boys Football,146275,
Oostburg High School,WI,Boys Golf,142347,
Oostburg High School,WI,Boys Soccer,142875,
Oostburg High School,WI,Boys Track and Field,145513,
Oostburg High School,WI,Boys Wrestling,144926,
Oostburg High School,WI,Girls Basketball,141949,
Oostburg High School,WI,Girls Cross Country,143231,
Oostburg High School,WI,Girls Soccer,144447,
Oostburg High School,WI,Girls Softball,145160,
Oostburg High School,WI,Girls Swimming & Diving,154829,
Oostburg High School,WI,Girls Track and Field,145897,
Oostburg High School,WI,Girls Volleyball,143909,
Oostburg High School,WI,Girls Wrestling,153891,
Oregon School District,WI,Boys Baseball,141019,
Oregon School District,WI,Boys Basketball,141409,
Oregon School District,WI,Boys Cross Country,143342,
Oregon School District,WI,Boys Football,146276,
Oregon School District,WI,Boys Golf,142241,
Oregon School District,WI,Boys Hockey,144114,
Oregon School District,WI,Boys Lacrosse-Boys,140748,
Oregon School District,WI,Boys Soccer,142765,
Oregon School District,WI,Boys Swimming & Diving,146442,
Oregon School District,WI,Boys Tennis,142588,
Oregon School District,WI,Boys Track and Field,145380,
Oregon School District,WI,Boys Wrestling,144773,
Oregon School District,WI,Girls Basketball,141857,
Oregon School District,WI,Girls Cross Country,143003,
Oregon School District,WI,Girls Golf,144184,
Oregon School District,WI,Girls Lacrosse-Girls,140787,
Oregon School District,WI,Girls Soccer,144340,
Oregon School District,WI,Girls Softball,145015,
Oregon School District,WI,Girls Swimming & Diving,147023,
Oregon School District,WI,Girls Tennis,144612,
Oregon School District,WI,Girls Track and Field,145766,
Oregon School District,WI,Girls Volleyball,143685,
Oregon School District,WI,Girls Wrestling,147287,
Oshkosh North High School,WI,Boys Baseball,141020,
Oshkosh North High School,WI,Boys Basketball,141342,
Oshkosh North High School,WI,Boys Cross Country,143343,
Oshkosh North High School,WI,Boys Football,146279,
Oshkosh North High School,WI,Boys Golf,142242,
Oshkosh North High School,WI,Boys Hockey,140065,
Oshkosh North High School,WI,Boys Soccer,142766,
Oshkosh North High School,WI,Boys Swimming & Diving,155370,
Oshkosh North High School,WI,Boys Tennis,142589,
Oshkosh North High School,WI,Boys Track and Field,145381,
Oshkosh North High School,WI,Boys Volleyball,154679,
Oshkosh North High School,WI,Boys Wrestling,144774,
Oshkosh North High School,WI,Girls Basketball,141791,
Oshkosh North High School,WI,Girls Cross Country,143004,
Oshkosh North High School,WI,Girls Golf,144185,
Oshkosh North High School,WI,Girls Soccer,144341,
Oshkosh North High School,WI,Girls Softball,145016,
Oshkosh North High School,WI,Girls Swimming & Diving,139192,
Oshkosh North High School,WI,Girls Tennis,144613,
Oshkosh North High School,WI,Girls Track and Field,145767,
Oshkosh North High School,WI,Girls Volleyball,143686,
Oshkosh West High School,WI,Boys Baseball,141021,
Oshkosh West High School,WI,Boys Basketball,141343,
Oshkosh West High School,WI,Boys Cross Country,143344,
Oshkosh West High School,WI,Boys Football,146280,
Oshkosh West High School,WI,Boys Golf,142243,
Oshkosh West High School,WI,Boys Soccer,142720,
Oshkosh West High School,WI,Boys Swimming & Diving,142486,
Oshkosh West High School,WI,Boys Tennis,142590,
Oshkosh West High School,WI,Boys Track and Field,145382,
Oshkosh West High School,WI,Boys Wrestling,144775,
Oshkosh West High School,WI,Girls Basketball,141792,
Oshkosh West High School,WI,Girls Cross Country,143005,
Oshkosh West High School,WI,Girls Golf,144186,
Oshkosh West High School,WI,Girls Gymnastics,155328,
Oshkosh West High School,WI,Girls Soccer,144295,
Oshkosh West High School,WI,Girls Softball,145017,
Oshkosh West High School,WI,Girls Swimming & Diving,144493,
Oshkosh West High School,WI,Girls Tennis,144614,
Oshkosh West High School,WI,Girls Track and Field,145768,
Oshkosh West High School,WI,Girls Volleyball,143687,
Oshkosh West High School,WI,Girls Wrestling,140020,
Ozaukee High School,WI,Boys Baseball,146899,
Ozaukee High School,WI,Boys Basketball,141601,
Ozaukee High School,WI,Boys Cross Country,146861,
Ozaukee High School,WI,Boys Football,155129,
Ozaukee High School,WI,Boys Golf,155895,
Ozaukee High School,WI,Boys Track and Field,145645,
Ozaukee High School,WI,Boys Wrestling,144927,
Ozaukee High School,WI,Girls Basketball,142048,
Ozaukee High School,WI,Girls Cross Country,146862,
Ozaukee High School,WI,Girls Soccer,140576,
Ozaukee High School,WI,Girls Softball,146950,
Ozaukee High School,WI,Girls Track and Field,146027,
Ozaukee High School,WI,Girls Volleyball,143911,
Ozaukee High School,WI,Girls Wrestling,147292,
Pacelli High School,WI,Boys Baseball,141198,
Pacelli High School,WI,Boys Basketball,141602,
Pacelli High School,WI,Boys Cross Country,143575,
Pacelli High School,WI,Boys Football,146283,
Pacelli High School,WI,Boys Golf,142440,
Pacelli High School,WI,Boys Hockey,155558,
Pacelli High School,WI,Boys Soccer,139137,
Pacelli High School,WI,Boys Tennis,142657,
Pacelli High School,WI,Boys Track and Field,145646,
Pacelli High School,WI,Girls Basketball,142049,
Pacelli High School,WI,Girls Cross Country,143234,
Pacelli High School,WI,Girls Softball,145233,
Pacelli High School,WI,Girls Tennis,144698,
Pacelli High School,WI,Girls Track and Field,146028,
Pacelli High School,WI,Girls Volleyball,143912,
Palmyra-Eagle High School,WI,Boys Baseball,141199,
Palmyra-Eagle High School,WI,Boys Basketball,141501,
Palmyra-Eagle High School,WI,Boys Cross Country,143576,
Palmyra-Eagle High School,WI,Boys Football 8-Player,146284,
Palmyra-Eagle High School,WI,Boys Golf,142349,
Palmyra-Eagle High School,WI,Boys Track and Field,145515,
Palmyra-Eagle High School,WI,Boys Wrestling,144928,
Palmyra-Eagle High School,WI,Girls Basketball,141951,
Palmyra-Eagle High School,WI,Girls Cross Country,143235,
Palmyra-Eagle High School,WI,Girls Softball,145161,
Palmyra-Eagle High School,WI,Girls Track and Field,145899,
Palmyra-Eagle High School,WI,Girls Volleyball,143913,
Pardeeville High School,WI,Boys Baseball,141200,
Pardeeville High School,WI,Boys Basketball,141603,
Pardeeville High School,WI,Boys Cross Country,143577,
Pardeeville High School,WI,Boys Football,146285,
Pardeeville High School,WI,Boys Golf,142441,
Pardeeville High School,WI,Boys Track and Field,145647,
Pardeeville High School,WI,Boys Wrestling,147175,
Pardeeville High School,WI,Girls Basketball,142050,
Pardeeville High School,WI,Girls Cross Country,143236,
Pardeeville High School,WI,Girls Softball,145234,
Pardeeville High School,WI,Girls Track and Field,146029,
Pardeeville High School,WI,Girls Volleyball,143914,
Parkview High School,WI,Boys Baseball,141201,
Parkview High School,WI,Boys Basketball,141604,
Parkview High School,WI,Boys Cross Country,143578,
Parkview High School,WI,Boys Football,154175,
Parkview High School,WI,Boys Golf,142442,
Parkview High School,WI,Boys Track and Field,145648,
Parkview High School,WI,Boys Wrestling,155440,
Parkview High School,WI,Girls Basketball,142051,
Parkview High School,WI,Girls Cross Country,143237,
Parkview High School,WI,Girls Golf,153970,
Parkview High School,WI,Girls Softball,145235,
Parkview High School,WI,Girls Track and Field,146030,
Parkview High School,WI,Girls Volleyball,143915,
Parkview High School,WI,Girls Wrestling,155498,
Pecatonica High School,WI,Boys Baseball,141266,
Pecatonica High School,WI,Boys Basketball,141700,
Pecatonica High School,WI,Boys Football,154177,
Pecatonica High School,WI,Boys Wrestling,155442,
Pecatonica High School,WI,Girls Softball,145287,
Pecatonica High School,WI,Girls Volleyball,144026,
Pecatonica High School,WI,Girls Wrestling,150200,
Pecatonica High School,WI,Girls Wrestling,150201,
Peshtigo High School,WI,Boys Baseball,141106,
Peshtigo High School,WI,Boys Basketball,141502,
Peshtigo High School,WI,Boys Cross Country,143448,
Peshtigo High School,WI,Boys Football,146286,
Peshtigo High School,WI,Boys Golf,142350,
Peshtigo High School,WI,Boys Soccer,142876,
Peshtigo High School,WI,Boys Track and Field,145516,
Peshtigo High School,WI,Boys Wrestling,144850,
Peshtigo High School,WI,Girls Basketball,141952,
Peshtigo High School,WI,Girls Cross Country,143107,
Peshtigo High School,WI,Girls Soccer,150798,
Peshtigo High School,WI,Girls Softball,145162,
Peshtigo High School,WI,Girls Track and Field,145900,
Peshtigo High School,WI,Girls Volleyball,143794,
Peshtigo High School,WI,Girls Wrestling,147587,
Pewaukee High School,WI,Boys Baseball,146908,
Pewaukee High School,WI,Boys Basketball,141410,
Pewaukee High School,WI,Boys Cross Country,143345,
Pewaukee High School,WI,Boys Football,146287,
Pewaukee High School,WI,Boys Golf,146965,
Pewaukee High School,WI,Boys Soccer,142767,
Pewaukee High School,WI,Boys Tennis,142591,
Pewaukee High School,WI,Boys Track and Field,145383,
Pewaukee High School,WI,Boys Volleyball,147789,
Pewaukee High School,WI,Boys Wrestling,144776,
Pewaukee High School,WI,Girls Basketball,141858,
Pewaukee High School,WI,Girls Cross Country,143006,
Pewaukee High School,WI,Girls Golf,144187,
Pewaukee High School,WI,Girls Soccer,144342,
Pewaukee High School,WI,Girls Softball,145091,
Pewaukee High School,WI,Girls Swimming & Diving,139194,
Pewaukee High School,WI,Girls Tennis,144615,
Pewaukee High School,WI,Girls Track and Field,145769,
Pewaukee High School,WI,Girls Volleyball,143795,
Pewaukee High School,WI,Girls Wrestling,154051,
Platteville High School,WI,Boys Baseball,141107,
Platteville High School,WI,Boys Basketball,141503,
Platteville High School,WI,Boys Cross Country,143449,
Platteville High School,WI,Boys Football,146291,
Platteville High School,WI,Boys Golf,142351,
Platteville High School,WI,Boys Soccer,154571,
Platteville High School,WI,Boys Swimming & Diving,139868,
Platteville High School,WI,Boys Track and Field,145517,
Platteville High School,WI,Girls Basketball,141953,
Platteville High School,WI,Girls Cross Country,143108,
Platteville High School,WI,Girls Gymnastics,155329,
Platteville High School,WI,Girls Soccer,156093,
Platteville High School,WI,Girls Softball,145163,
Platteville High School,WI,Girls Swimming & Diving,139196,
Platteville High School,WI,Girls Track and Field,145901,
Platteville High School,WI,Girls Volleyball,143797,
Plymouth High School,WI,Boys Baseball,146911,
Plymouth High School,WI,Boys Basketball,141412,
Plymouth High School,WI,Boys Cross Country,143450,
Plymouth High School,WI,Boys Football,146292,
Plymouth High School,WI,Boys Golf,142245,
Plymouth High School,WI,Boys Soccer,142829,
Plymouth High School,WI,Boys Swimming & Diving,142510,
Plymouth High School,WI,Boys Tennis,142658,
Plymouth High School,WI,Boys Track and Field,145385,
Plymouth High School,WI,Boys Wrestling,144778,
Plymouth High School,WI,Girls Basketball,141860,
Plymouth High School,WI,Girls Cross Country,143109,
Plymouth High School,WI,Girls Golf,147274,
Plymouth High School,WI,Girls Soccer,144403,
Plymouth High School,WI,Girls Softball,145093,
Plymouth High School,WI,Girls Swimming & Diving,144523,
Plymouth High School,WI,Girls Tennis,144616,
Plymouth High School,WI,Girls Track and Field,145771,
Plymouth High School,WI,Girls Volleyball,143798,
Plymouth High School,WI,Girls Wrestling,147639,
Port Edwards High School,WI,Boys Baseball,141268,
Port Edwards High School,WI,Boys Basketball,141703,
Port Edwards High School,WI,Boys Cross Country,147170,
Port Edwards High School,WI,Boys Football 8-Player,146796,
Port Edwards High School,WI,Boys Golf,146943,
Port Edwards High School,WI,Boys Track and Field,145651,
Port Edwards High School,WI,Girls Basketball,142143,
Port Edwards High School,WI,Girls Cross Country,147171,
Port Edwards High School,WI,Girls Golf,154102,
Port Edwards High School,WI,Girls Softball,145288,
Port Edwards High School,WI,Girls Track and Field,146033,
Port Edwards High School,WI,Girls Volleyball,144028,
Port Washington High School,WI,Boys Baseball,146909,
Port Washington High School,WI,Boys Basketball,141413,
Port Washington High School,WI,Boys Cross Country,143347,
Port Washington High School,WI,Boys Football,146293,
Port Washington High School,WI,Boys Golf,142246,
Port Washington High School,WI,Boys Soccer,142769,
Port Washington High School,WI,Boys Swimming & Diving,142511,
Port Washington High School,WI,Boys Tennis,142593,
Port Washington High School,WI,Boys Track and Field,145386,
Port Washington High School,WI,Boys Volleyball,153971,
Port Washington High School,WI,Boys Wrestling,144779,
Port Washington High School,WI,Girls Basketball,141861,
Port Washington High School,WI,Girls Cross Country,143008,
Port Washington High School,WI,Girls Gymnastics,144085,
Port Washington High School,WI,Girls Soccer,144344,
Port Washington High School,WI,Girls Softball,145094,
Port Washington High School,WI,Girls Swimming & Diving,144524,
Port Washington High School,WI,Girls Tennis,144617,
Port Washington High School,WI,Girls Track and Field,145772,
Port Washington High School,WI,Girls Volleyball,143799,
Port Washington High School,WI,Girls Wrestling,149554,
Portage High School,WI,Boys Baseball,141022,
Portage High School,WI,Boys Basketball,141414,
Portage High School,WI,Boys Cross Country,143451,
Portage High School,WI,Boys Football,146294,
Portage High School,WI,Boys Golf,142247,
Portage High School,WI,Boys Soccer,139139,
Portage High School,WI,Boys Tennis,142659,
Portage High School,WI,Boys Track and Field,145387,
Portage High School,WI,Boys Wrestling,144780,
Portage High School,WI,Girls Basketball,141862,
Portage High School,WI,Girls Cross Country,143110,
Portage High School,WI,Girls Golf,144188,
Portage High School,WI,Girls Soccer,140578,
Portage High School,WI,Girls Softball,145095,
Portage High School,WI,Girls Swimming & Diving,139197,
Portage High School,WI,Girls Tennis,144618,
Portage High School,WI,Girls Track and Field,145773,
Portage High School,WI,Girls Volleyball,143800,
Portage High School,WI,Girls Wrestling,153988,
Potosi High School,WI,Boys Baseball,140512,
Potosi High School,WI,Boys Basketball,139772,
Potosi High School,WI,Boys Football,154181,
Potosi High School,WI,Girls Basketball,155294,
Potosi High School,WI,Girls Softball,140636,
Potosi High School,WI,Girls Volleyball,144029,
Poynette High School,WI,Boys Baseball,141203,
Poynette High School,WI,Boys Basketball,141504,
Poynette High School,WI,Boys Cross Country,143452,
Poynette High School,WI,Boys Football,146295,
Poynette High School,WI,Boys Track and Field,145518,
Poynette High School,WI,Boys Wrestling,144931,
Poynette High School,WI,Girls Basketball,141954,
Poynette High School,WI,Girls Cross Country,143111,
Poynette High School,WI,Girls Softball,145164,
Poynette High School,WI,Girls Track and Field,145902,
Poynette High School,WI,Girls Volleyball,143918,
Poynette High School,WI,Girls Wrestling,149653,
Prairie du Chien High School,WI,Boys Baseball,141108,
Prairie du Chien High School,WI,Boys Basketball,141505,
Prairie du Chien High School,WI,Boys Cross Country,143453,
Prairie du Chien High School,WI,Boys Football,146296,
Prairie du Chien High School,WI,Boys Golf,142352,
Prairie du Chien High School,WI,Boys Soccer,139141,
Prairie du Chien High School,WI,Boys Track and Field,145519,
Prairie du Chien High School,WI,Boys Wrestling,146441,
Prairie du Chien High School,WI,Girls Basketball,141955,
Prairie du Chien High School,WI,Girls Cross Country,143112,
Prairie du Chien High School,WI,Girls Golf,144243,
Prairie du Chien High School,WI,Girls Soccer,140580,
Prairie du Chien High School,WI,Girls Softball,145165,
Prairie du Chien High School,WI,Girls Track and Field,145903,
Prairie du Chien High School,WI,Girls Volleyball,143919,
Prairie du Chien High School,WI,Girls Wrestling,149611,
Princeton High School,WI,Boys Basketball,155268,
Princeton High School,WI,Boys Cross Country,154465,
Princeton High School,WI,Boys Football 8-Player,154220,
Princeton High School,WI,Boys Golf,156037,
Princeton High School,WI,Boys Track and Field,140688,
Princeton High School,WI,Boys Wrestling,139941,
Princeton High School,WI,Girls Basketball,155296,
Princeton High School,WI,Girls Cross Country,154512,
Princeton High School,WI,Girls Softball,140638,
Princeton High School,WI,Girls Track and Field,140723,
Princeton High School,WI,Girls Volleyball,154691,
Princeton High School,WI,Girls Wrestling,140022,
Pulaski High School,WI,Boys Baseball,141023,
Pulaski High School,WI,Boys Basketball,141415,
Pulaski High School,WI,Boys Cross Country,143348,
Pulaski High School,WI,Boys Football,146298,
Pulaski High School,WI,Boys Golf,142248,
Pulaski High School,WI,Boys Lacrosse-Boys,153955,
Pulaski High School,WI,Boys Soccer,142770,
Pulaski High School,WI,Boys Swimming & Diving,142512,
Pulaski High School,WI,Boys Tennis,142594,
Pulaski High School,WI,Boys Track and Field,145388,
Pulaski High School,WI,Boys Wrestling,144781,
Pulaski High School,WI,Girls Basketball,141863,
Pulaski High School,WI,Girls Cross Country,143009,
Pulaski High School,WI,Girls Golf,144189,
Pulaski High School,WI,Girls Lacrosse-Girls,153937,
Pulaski High School,WI,Girls Soccer,144345,
Pulaski High School,WI,Girls Softball,145018,
Pulaski High School,WI,Girls Swimming & Diving,144494,
Pulaski High School,WI,Girls Tennis,144619,
Pulaski High School,WI,Girls Track and Field,145774,
Pulaski High School,WI,Girls Volleyball,143688,
Pulaski High School,WI,Girls Wrestling,149583,
Racine Lutheran High School,WI,Boys Baseball,140514,
Racine Lutheran High School,WI,Boys Basketball,141606,
Racine Lutheran High School,WI,Boys Cross Country,146490,
Racine Lutheran High School,WI,Boys Football,146301,
Racine Lutheran High School,WI,Boys Soccer,142877,
Racine Lutheran High School,WI,Boys Track and Field,145654,
Racine Lutheran High School,WI,Girls Basketball,142053,
Racine Lutheran High School,WI,Girls Cross Country,146491,
Racine Lutheran High School,WI,Girls Soccer,144449,
Racine Lutheran High School,WI,Girls Softball,145238,
Racine Lutheran High School,WI,Girls Track and Field,146036,
Racine Lutheran High School,WI,Girls Volleyball,143920,
Racine St. Catherine's High School,WI,Boys Baseball,141204,
Racine St. Catherine's High School,WI,Boys Basketball,141507,
Racine St. Catherine's High School,WI,Boys Cross Country,143581,
Racine St. Catherine's High School,WI,Boys Football,146303,
Racine St. Catherine's High School,WI,Boys Golf,140545,
Racine St. Catherine's High School,WI,Boys Soccer,142878,
Racine St. Catherine's High School,WI,Boys Tennis,140654,
Racine St. Catherine's High School,WI,Boys Track and Field,145521,
Racine St. Catherine's High School,WI,Boys Wrestling,139943,
Racine St. Catherine's High School,WI,Girls Basketball,141957,
Racine St. Catherine's High School,WI,Girls Cross Country,143240,
Racine St. Catherine's High School,WI,Girls Golf,139098,
Racine St. Catherine's High School,WI,Girls Soccer,144450,
Racine St. Catherine's High School,WI,Girls Softball,145167,
Racine St. Catherine's High School,WI,Girls Tennis,154662,
Racine St. Catherine's High School,WI,Girls Track and Field,145905,
Racine St. Catherine's High School,WI,Girls Volleyball,143921,
Racine St. Catherine's High School,WI,Girls Wrestling,140024,
Randolph High School,WI,Boys Basketball,141705,
Randolph High School,WI,Boys Cross Country,154469,
Randolph High School,WI,Boys Football,146304,
Randolph High School,WI,Boys Golf,140547,
Randolph High School,WI,Boys Track and Field,156191,
Randolph High School,WI,Girls Basketball,142145,
Randolph High School,WI,Girls Cross Country,154517,
Randolph High School,WI,Girls Softball,145291,
Randolph High School,WI,Girls Track and Field,156222,
Randolph High School,WI,Girls Volleyball,144032,
Random Lake High School,WI,Boys Baseball,146919,
Random Lake High School,WI,Boys Basketball,141607,
Random Lake High School,WI,Boys Cross Country,146868,
Random Lake High School,WI,Boys Golf,155955,
Random Lake High School,WI,Boys Soccer,139143,
Random Lake High School,WI,Boys Track and Field,145522,
Random Lake High School,WI,Boys Wrestling,144932,
Random Lake High School,WI,Girls Basketball,142054,
Random Lake High School,WI,Girls Cross Country,146869,
Random Lake High School,WI,Girls Softball,145168,
Random Lake High School,WI,Girls Track and Field,145906,
Random Lake High School,WI,Girls Volleyball,143922,
Random Lake High School,WI,Girls Wrestling,154053,
Reedsburg High School,WI,Boys Baseball,141027,
Reedsburg High School,WI,Boys Basketball,141416,
Reedsburg High School,WI,Boys Cross Country,143352,
Reedsburg High School,WI,Boys Football,146306,
Reedsburg High School,WI,Boys Golf,142250,
Reedsburg High School,WI,Boys Hockey,155560,
Reedsburg High School,WI,Boys Soccer,142771,
Reedsburg High School,WI,Boys Tennis,142596,
Reedsburg High School,WI,Boys Track and Field,145392,
Reedsburg High School,WI,Boys Wrestling,144783,
Reedsburg High School,WI,Girls Basketball,141864,
Reedsburg High School,WI,Girls Cross Country,143013,
Reedsburg High School,WI,Girls Golf,144191,
Reedsburg High School,WI,Girls Gymnastics,144086,
Reedsburg High School,WI,Girls Soccer,144346,
Reedsburg High School,WI,Girls Softball,145096,
Reedsburg High School,WI,Girls Tennis,144621,
Reedsburg High School,WI,Girls Track and Field,145778,
Reedsburg High School,WI,Girls Volleyball,143802,
Reedsburg High School,WI,Girls Wrestling,153850,
Richland Center High School,WI,Boys Baseball,141111,
Richland Center High School,WI,Boys Basketball,141508,
Richland Center High School,WI,Boys Cross Country,154471,
Richland Center High School,WI,Boys Football,146311,
Richland Center High School,WI,Boys Golf,142355,
Richland Center High School,WI,Boys Soccer,142879,
Richland Center High School,WI,Boys Track and Field,145524,
Richland Center High School,WI,Boys Wrestling,144853,
Richland Center High School,WI,Girls Basketball,141958,
Richland Center High School,WI,Girls Cross Country,154519,
Richland Center High School,WI,Girls Soccer,144451,
Richland Center High School,WI,Girls Softball,145169,
Richland Center High School,WI,Girls Track and Field,145908,
Richland Center High School,WI,Girls Volleyball,143805,
Richland Center High School,WI,Girls Wrestling,149607,
Rio High School,WI,Boys Baseball,141272,
Rio High School,WI,Boys Basketball,141707,
Rio High School,WI,Boys Cross Country,139021,
Rio High School,WI,Boys Track and Field,145658,
Rio High School,WI,Girls Basketball,142147,
Rio High School,WI,Girls Cross Country,139066,
Rio High School,WI,Girls Track and Field,146040,
Rio High School,WI,Girls Volleyball,144034,
Ripon High School,WI,Boys Baseball,141112,
Ripon High School,WI,Boys Basketball,141509,
Ripon High School,WI,Boys Cross Country,143457,
Ripon High School,WI,Boys Football,146312,
Ripon High School,WI,Boys Golf,142356,
Ripon High School,WI,Boys Soccer,142831,
Ripon High School,WI,Boys Tennis,142662,
Ripon High School,WI,Boys Track and Field,145525,
Ripon High School,WI,Boys Wrestling,144854,
Ripon High School,WI,Girls Basketball,141959,
Ripon High School,WI,Girls Cross Country,143116,
Ripon High School,WI,Girls Soccer,144405,
Ripon High School,WI,Girls Softball,145099,
Ripon High School,WI,Girls Tennis,144701,
Ripon High School,WI,Girls Track and Field,145909,
Ripon High School,WI,Girls Volleyball,143806,
Ripon High School,WI,Girls Wrestling,153840,
River Ridge High School,WI,Boys Baseball,141273,
River Ridge High School,WI,Boys Basketball,141708,
River Ridge High School,WI,Boys Cross Country,146493,
River Ridge High School,WI,Boys Football,146314,
River Ridge High School,WI,Boys Track and Field,145659,
River Ridge High School,WI,Boys Wrestling,147875,
River Ridge High School,WI,Girls Basketball,142148,
River Ridge High School,WI,Girls Cross Country,146494,
River Ridge High School,WI,Girls Softball,146719,
River Ridge High School,WI,Girls Track and Field,146041,
River Ridge High School,WI,Girls Volleyball,144035,
River Ridge High School,WI,Girls Wrestling,149656,
River Valley High School,WI,Boys Baseball,141113,
River Valley High School,WI,Boys Basketball,141510,
River Valley High School,WI,Boys Cross Country,143458,
River Valley High School,WI,Boys Football,146315,
River Valley High School,WI,Boys Golf,142357,
River Valley High School,WI,Boys Soccer,142880,
River Valley High School,WI,Boys Track and Field,145526,
River Valley High School,WI,Boys Wrestling,144855,
River Valley High School,WI,Girls Basketball,141960,
River Valley High School,WI,Girls Cross Country,143117,
River Valley High School,WI,Girls Gymnastics,155330,
River Valley High School,WI,Girls Soccer,144452,
River Valley High School,WI,Girls Softball,145170,
River Valley High School,WI,Girls Track and Field,145910,
River Valley High School,WI,Girls Volleyball,143807,
River Valley High School,WI,Girls Wrestling,151339,
Riverdale High School,WI,Boys Baseball,141274,
Riverdale High School,WI,Boys Basketball,141709,
Riverdale High School,WI,Boys Cross Country,143584,
Riverdale High School,WI,Boys Football,146316,
Riverdale High School,WI,Boys Track and Field,145660,
Riverdale High School,WI,Boys Wrestling,144934,
Riverdale High School,WI,Girls Basketball,142149,
Riverdale High School,WI,Girls Cross Country,143243,
Riverdale High School,WI,Girls Softball,145293,
Riverdale High School,WI,Girls Track and Field,146042,
Riverdale High School,WI,Girls Volleyball,144036,
Riverdale High School,WI,Girls Wrestling,149477,
Rosholt High School,WI,Boys Baseball,141275,
Rosholt High School,WI,Boys Basketball,141710,
Rosholt High School,WI,Boys Cross Country,143586,
Rosholt High School,WI,Boys Football 8-Player,154121,
Rosholt High School,WI,Boys Track and Field,145661,
Rosholt High School,WI,Boys Wrestling,144935,
Rosholt High School,WI,Girls Basketball,142150,
Rosholt High School,WI,Girls Cross Country,143245,
Rosholt High School,WI,Girls Softball,145241,
Rosholt High School,WI,Girls Track and Field,146043,
Rosholt High School,WI,Girls Volleyball,143926,
Rosholt High School,WI,Girls Wrestling,149650,
Royall High School,WI,Boys Baseball,141276,
Royall High School,WI,Boys Basketball,141711,
Royall High School,WI,Boys Cross Country,139023,
Royall High School,WI,Boys Football,146319,
Royall High School,WI,Boys Track and Field,145662,
Royall High School,WI,Boys Wrestling,155446,
Royall High School,WI,Girls Basketball,142151,
Royall High School,WI,Girls Cross Country,139068,
Royall High School,WI,Girls Softball,145294,
Royall High School,WI,Girls Track and Field,146044,
Royall High School,WI,Girls Volleyball,144037,
Royall High School,WI,Girls Wrestling,155503,
Sauk Prairie High School,WI,Boys Baseball,141030,
Sauk Prairie High School,WI,Boys Basketball,141421,
Sauk Prairie High School,WI,Boys Cross Country,143354,
Sauk Prairie High School,WI,Boys Football,146324,
Sauk Prairie High School,WI,Boys Golf,142253,
Sauk Prairie High School,WI,Boys Hockey,140071,
Sauk Prairie High School,WI,Boys Lacrosse-Boys,140750,
Sauk Prairie High School,WI,Boys Soccer,142774,
Sauk Prairie High School,WI,Boys Swimming & Diving,139870,
Sauk Prairie High School,WI,Boys Tennis,142666,
Sauk Prairie High School,WI,Boys Track and Field,145395,
Sauk Prairie High School,WI,Boys Wrestling,139945,
Sauk Prairie High School,WI,Girls Basketball,141869,
Sauk Prairie High School,WI,Girls Cross Country,143015,
Sauk Prairie High School,WI,Girls Gymnastics,144089,
Sauk Prairie High School,WI,Girls Hockey,155607,
Sauk Prairie High School,WI,Girls Soccer,144349,
Sauk Prairie High School,WI,Girls Softball,145102,
Sauk Prairie High School,WI,Girls Swimming & Diving,144528,
Sauk Prairie High School,WI,Girls Tennis,144624,
Sauk Prairie High School,WI,Girls Track and Field,145781,
Sauk Prairie High School,WI,Girls Volleyball,143812,
Sauk Prairie High School,WI,Girls Wrestling,140025,
Seneca High School,WI,Boys Baseball,141277,
Seneca High School,WI,Boys Basketball,141714,
Seneca High School,WI,Boys Cross Country,146773,
Seneca High School,WI,Boys Track and Field,145665,
Seneca High School,WI,Girls Basketball,142153,
Seneca High School,WI,Girls Cross Country,146774,
Seneca High School,WI,Girls Softball,145295,
Seneca High School,WI,Girls Track and Field,146047,
Seneca High School,WI,Girls Volleyball,144040,
Seymour High School,WI,Boys Baseball,141118,
Seymour High School,WI,Boys Basketball,141422,
Seymour High School,WI,Boys Cross Country,143463,
Seymour High School,WI,Boys Football,146326,
Seymour High School,WI,Boys Golf,142360,
Seymour High School,WI,Boys Soccer,142834,
Seymour High School,WI,Boys Track and Field,145534,
Seymour High School,WI,Boys Wrestling,144858,
Seymour High School,WI,Girls Basketball,141870,
Seymour High School,WI,Girls Cross Country,143121,
Seymour High School,WI,Girls Golf,144194,
Seymour High School,WI,Girls Soccer,144408,
Seymour High School,WI,Girls Softball,145103,
Seymour High School,WI,Girls Swimming & Diving,144529,
Seymour High School,WI,Girls Track and Field,145917,
Seymour High School,WI,Girls Volleyball,143813,
Seymour High School,WI,Girls Wrestling,149473,
Shawano High School,WI,Boys Baseball,141119,
Shawano High School,WI,Boys Basketball,141423,
Shawano High School,WI,Boys Cross Country,143464,
Shawano High School,WI,Boys Football,146327,
Shawano High School,WI,Boys Golf,142254,
Shawano High School,WI,Boys Hockey,155562,
Shawano High School,WI,Boys Soccer,142835,
Shawano High School,WI,Boys Swimming & Diving,139872,
Shawano High School,WI,Boys Tennis,142667,
Shawano High School,WI,Boys Track and Field,145396,
Shawano High School,WI,Boys Wrestling,144786,
Shawano High School,WI,Girls Basketball,141871,
Shawano High School,WI,Girls Cross Country,143122,
Shawano High School,WI,Girls Golf,144195,
Shawano High School,WI,Girls Soccer,144409,
Shawano High School,WI,Girls Softball,145104,
Shawano High School,WI,Girls Swimming & Diving,154637,
Shawano High School,WI,Girls Tennis,144625,
Shawano High School,WI,Girls Track and Field,145782,
Shawano High School,WI,Girls Volleyball,143814,
Shawano High School,WI,Girls Wrestling,147566,
Sheboygan Christian High School,WI,Boys Basketball,141717,
Sheboygan Christian High School,WI,Boys Cross Country,150454,
Sheboygan Christian High School,WI,Boys Golf,142452,
Sheboygan Christian High School,WI,Boys Soccer,154575,
Sheboygan Christian High School,WI,Boys Swimming & Diving,153842,
Sheboygan Christian High School,WI,Boys Track and Field,150646,
Sheboygan Christian High School,WI,Girls Basketball,147150,
Sheboygan Christian High School,WI,Girls Cross Country,150455,
Sheboygan Christian High School,WI,Girls Swimming & Diving,153835,
Sheboygan Christian High School,WI,Girls Track and Field,150647,
Sheboygan Christian High School,WI,Girls Volleyball,144042,
Sheboygan Falls High School,WI,Boys Baseball,146902,
Sheboygan Falls High School,WI,Boys Basketball,141516,
Sheboygan Falls High School,WI,Boys Cross Country,143465,
Sheboygan Falls High School,WI,Boys Football,146328,
Sheboygan Falls High School,WI,Boys Golf,142361,
Sheboygan Falls High School,WI,Boys Soccer,142836,
Sheboygan Falls High School,WI,Boys Tennis,142668,
Sheboygan Falls High School,WI,Boys Track and Field,145535,
Sheboygan Falls High School,WI,Boys Wrestling,144859,
Sheboygan Falls High School,WI,Girls Basketball,141964,
Sheboygan Falls High School,WI,Girls Cross Country,143123,
Sheboygan Falls High School,WI,Girls Soccer,144410,
Sheboygan Falls High School,WI,Girls Softball,156145,
Sheboygan Falls High School,WI,Girls Tennis,144704,
Sheboygan Falls High School,WI,Girls Track and Field,145918,
Sheboygan Falls High School,WI,Girls Volleyball,143815,
Sheboygan Falls High School,WI,Girls Wrestling,149467,
Sheboygan Lutheran High School,WI,Boys Baseball,146934,
Sheboygan Lutheran High School,WI,Boys Basketball,141716,
Sheboygan Lutheran High School,WI,Boys Cross Country,143592,
Sheboygan Lutheran High School,WI,Boys Golf,142451,
Sheboygan Lutheran High School,WI,Boys Track and Field,145667,
Sheboygan Lutheran High School,WI,Girls Basketball,147149,
Sheboygan Lutheran High School,WI,Girls Cross Country,143251,
Sheboygan Lutheran High School,WI,Girls Soccer,140584,
Sheboygan Lutheran High School,WI,Girls Softball,156147,
Sheboygan Lutheran High School,WI,Girls Track and Field,146049,
Sheboygan Lutheran High School,WI,Girls Volleyball,143930,
Sheboygan North High School,WI,Boys Baseball,141031,
Sheboygan North High School,WI,Boys Basketball,141347,
Sheboygan North High School,WI,Boys Cross Country,143355,
Sheboygan North High School,WI,Boys Football,146329,
Sheboygan North High School,WI,Boys Golf,142255,
Sheboygan North High School,WI,Boys Soccer,142724,
Sheboygan North High School,WI,Boys Swimming & Diving,155374,
Sheboygan North High School,WI,Boys Tennis,142598,
Sheboygan North High School,WI,Boys Track and Field,145397,
Sheboygan North High School,WI,Boys Volleyball,152327,
Sheboygan North High School,WI,Boys Wrestling,144787,
Sheboygan North High School,WI,Girls Basketball,141796,
Sheboygan North High School,WI,Girls Cross Country,143016,
Sheboygan North High School,WI,Girls Golf,139100,
Sheboygan North High School,WI,Girls Soccer,144299,
Sheboygan North High School,WI,Girls Softball,145021,
Sheboygan North High School,WI,Girls Swimming & Diving,154639,
Sheboygan North High School,WI,Girls Tennis,144626,
Sheboygan North High School,WI,Girls Track and Field,145783,
Sheboygan North High School,WI,Girls Volleyball,143693,
Sheboygan North High School,WI,Girls Wrestling,153873,
Sheboygan South High School,WI,Boys Baseball,141032,
Sheboygan South High School,WI,Boys Basketball,141348,
Sheboygan South High School,WI,Boys Cross Country,143356,
Sheboygan South High School,WI,Boys Football,146330,
Sheboygan South High School,WI,Boys Golf,142256,
Sheboygan South High School,WI,Boys Hockey,140073,
Sheboygan South High School,WI,Boys Soccer,142725,
Sheboygan South High School,WI,Boys Swimming & Diving,139874,
Sheboygan South High School,WI,Boys Tennis,142599,
Sheboygan South High School,WI,Boys Track and Field,145398,
Sheboygan South High School,WI,Boys Volleyball,152326,
Sheboygan South High School,WI,Boys Wrestling,144788,
Sheboygan South High School,WI,Girls Basketball,141797,
Sheboygan South High School,WI,Girls Cross Country,143017,
Sheboygan South High School,WI,Girls Gymnastics,155331,
Sheboygan South High School,WI,Girls Soccer,144300,
Sheboygan South High School,WI,Girls Softball,145022,
Sheboygan South High School,WI,Girls Tennis,144627,
Sheboygan South High School,WI,Girls Track and Field,145784,
Sheboygan South High School,WI,Girls Volleyball,143694,
Sheboygan South High School,WI,Girls Wrestling,153837,
Shiocton High School,WI,Boys Baseball,141211,
Shiocton High School,WI,Boys Basketball,141614,
Shiocton High School,WI,Boys Cross Country,147718,
Shiocton High School,WI,Boys Football,146331,
Shiocton High School,WI,Boys Golf,142453,
Shiocton High School,WI,Boys Track and Field,145669,
Shiocton High School,WI,Boys Wrestling,144938,
Shiocton High School,WI,Girls Basketball,142061,
Shiocton High School,WI,Girls Cross Country,147719,
Shiocton High School,WI,Girls Softball,145245,
Shiocton High School,WI,Girls Track and Field,146051,
Shiocton High School,WI,Girls Volleyball,143932,
Shiocton High School,WI,Girls Wrestling,149569,
Shullsburg High School,WI,Boys Baseball,156017,
Shullsburg High School,WI,Boys Basketball,141719,
Shullsburg High School,WI,Boys Cross Country,154477,
Shullsburg High School,WI,Girls Basketball,142156,
Shullsburg High School,WI,Girls Cross Country,154522,
Shullsburg High School,WI,Girls Volleyball,144043,
Slinger High School,WI,Boys Baseball,141033,
Slinger High School,WI,Boys Basketball,141425,
Slinger High School,WI,Boys Cross Country,143357,
Slinger High School,WI,Boys Football,146333,
Slinger High School,WI,Boys Golf,142257,
Slinger High School,WI,Boys Soccer,142775,
Slinger High School,WI,Boys Tennis,142600,
Slinger High School,WI,Boys Track and Field,145399,
Slinger High School,WI,Boys Wrestling,144789,
Slinger High School,WI,Girls Basketball,141873,
Slinger High School,WI,Girls Cross Country,143018,
Slinger High School,WI,Girls Golf,146866,
Slinger High School,WI,Girls Soccer,144350,
Slinger High School,WI,Girls Softball,145023,
Slinger High School,WI,Girls Tennis,144628,
Slinger High School,WI,Girls Track and Field,145785,
Slinger High School,WI,Girls Volleyball,143695,
Slinger High School,WI,Girls Wrestling,149476,
Southern door High School,WI,Boys Baseball,141213,
Southern door High School,WI,Boys Basketball,141518,
Southern door High School,WI,Boys Cross Country,143468,
Southern door High School,WI,Boys Football,146336,
Southern door High School,WI,Boys Golf,142364,
Southern door High School,WI,Boys Track and Field,145539,
Southern door High School,WI,Boys Wrestling,144940,
Southern door High School,WI,Girls Basketball,141966,
Southern door High School,WI,Girls Cross Country,143126,
Southern door High School,WI,Girls Softball,145175,
Southern door High School,WI,Girls Track and Field,145922,
Southern door High School,WI,Girls Volleyball,143934,
Southern door High School,WI,Girls Wrestling,153897,
Southwestern High School,WI,Boys Baseball,141281,
Southwestern High School,WI,Boys Basketball,141723,
Southwestern High School,WI,Boys Cross Country,154479,
Southwestern High School,WI,Boys Football,154186,
Southwestern High School,WI,Boys Golf,156041,
Southwestern High School,WI,Boys Track and Field,145671,
Southwestern High School,WI,Girls Basketball,142160,
Southwestern High School,WI,Girls Cross Country,154524,
Southwestern High School,WI,Girls Golf,139102,
Southwestern High School,WI,Girls Gymnastics,155333,
Southwestern High School,WI,Girls Softball,145297,
Southwestern High School,WI,Girls Track and Field,146053,
Southwestern High School,WI,Girls Volleyball,144047,
Sparta High School,WI,Boys Baseball,141034,
Sparta High School,WI,Boys Basketball,141427,
Sparta High School,WI,Boys Cross Country,143469,
Sparta High School,WI,Boys Football,146337,
Sparta High School,WI,Boys Golf,142259,
Sparta High School,WI,Boys Soccer,142839,
Sparta High School,WI,Boys Tennis,142670,
Sparta High School,WI,Boys Track and Field,145401,
Sparta High School,WI,Boys Wrestling,144791,
Sparta High School,WI,Girls Basketball,141875,
Sparta High School,WI,Girls Cross Country,143127,
Sparta High School,WI,Girls Golf,144196,
Sparta High School,WI,Girls Gymnastics,144090,
Sparta High School,WI,Girls Soccer,144352,
Sparta High School,WI,Girls Softball,145106,
Sparta High School,WI,Girls Tennis,144630,
Sparta High School,WI,Girls Track and Field,145787,
Sparta High School,WI,Girls Volleyball,143818,
Sparta High School,WI,Girls Wrestling,147584,
St. Mary Catholic High School,WI,Boys Baseball,141209,
St. Mary Catholic High School,WI,Boys Basketball,141612,
St. Mary Catholic High School,WI,Boys Cross Country,143588,
St. Mary Catholic High School,WI,Boys Football,151324,
St. Mary Catholic High School,WI,Boys Golf,142447,
St. Mary Catholic High School,WI,Boys Soccer,142882,
St. Mary Catholic High School,WI,Boys Tennis,147127,
St. Mary Catholic High School,WI,Boys Track and Field,145663,
St. Mary Catholic High School,WI,Girls Basketball,142059,
St. Mary Catholic High School,WI,Girls Cross Country,143247,
St. Mary Catholic High School,WI,Girls Golf,153966,
St. Mary Catholic High School,WI,Girls Soccer,144453,
St. Mary Catholic High School,WI,Girls Softball,145242,
St. Mary Catholic High School,WI,Girls Tennis,144702,
St. Mary Catholic High School,WI,Girls Track and Field,146045,
St. Mary Catholic High School,WI,Girls Volleyball,143928,
St. Mary's Springs High School,WI,Boys Baseball,141210,
St. Mary's Springs High School,WI,Boys Basketball,141613,
St. Mary's Springs High School,WI,Boys Cross Country,143589,
St. Mary's Springs High School,WI,Boys Football,146323,
St. Mary's Springs High School,WI,Boys Golf,142448,
St. Mary's Springs High School,WI,Boys Hockey,147027,
St. Mary's Springs High School,WI,Boys Tennis,142664,
St. Mary's Springs High School,WI,Boys Track and Field,145664,
St. Mary's Springs High School,WI,Girls Basketball,142060,
St. Mary's Springs High School,WI,Girls Cross Country,143248,
St. Mary's Springs High School,WI,Girls Soccer,144454,
St. Mary's Springs High School,WI,Girls Softball,145243,
St. Mary's Springs High School,WI,Girls Tennis,147117,
St. Mary's Springs High School,WI,Girls Track and Field,146046,
St. Mary's Springs High School,WI,Girls Volleyball,143929,
Stevens Point High School,WI,Boys Baseball,141035,
Stevens Point High School,WI,Boys Basketball,141349,
Stevens Point High School,WI,Boys Cross Country,143359,
Stevens Point High School,WI,Boys Football,146341,
Stevens Point High School,WI,Boys Golf,142260,
Stevens Point High School,WI,Boys Hockey,144117,
Stevens Point High School,WI,Boys Lacrosse-Boys,154062,
Stevens Point High School,WI,Boys Soccer,142726,
Stevens Point High School,WI,Boys Swimming & Diving,142488,
Stevens Point High School,WI,Boys Tennis,142602,
Stevens Point High School,WI,Boys Track and Field,145402,
Stevens Point High School,WI,Boys Wrestling,144792,
Stevens Point High School,WI,Girls Basketball,141798,
Stevens Point High School,WI,Girls Cross Country,143020,
Stevens Point High School,WI,Girls Golf,144197,
Stevens Point High School,WI,Girls Gymnastics,144076,
Stevens Point High School,WI,Girls Hockey,155611,
Stevens Point High School,WI,Girls Soccer,144301,
Stevens Point High School,WI,Girls Softball,145025,
Stevens Point High School,WI,Girls Swimming & Diving,144496,
Stevens Point High School,WI,Girls Tennis,144631,
Stevens Point High School,WI,Girls Track and Field,145788,
Stevens Point High School,WI,Girls Volleyball,143697,
Stevens Point High School,WI,Girls Wrestling,149596,
Stockbridge High School,WI,Boys Basketball,141724,
Stockbridge High School,WI,Boys Golf,150784,
Stockbridge High School,WI,Boys Soccer,146860,
Stockbridge High School,WI,Girls Basketball,142161,
Stockbridge High School,WI,Girls Volleyball,144048,
Stoughton High School,WI,Boys Baseball,141036,
Stoughton High School,WI,Boys Basketball,141428,
Stoughton High School,WI,Boys Cross Country,143360,
Stoughton High School,WI,Boys Football,146342,
Stoughton High School,WI,Boys Golf,142261,
Stoughton High School,WI,Boys Hockey,155568,
Stoughton High School,WI,Boys Soccer,142777,
Stoughton High School,WI,Boys Swimming & Diving,142517,
Stoughton High School,WI,Boys Tennis,142603,
Stoughton High School,WI,Boys Track and Field,145403,
Stoughton High School,WI,Boys Wrestling,144793,
Stoughton High School,WI,Girls Basketball,141876,
Stoughton High School,WI,Girls Cross Country,143021,
Stoughton High School,WI,Girls Golf,144198,
Stoughton High School,WI,Girls Hockey,140103,
Stoughton High School,WI,Girls Soccer,144353,
Stoughton High School,WI,Girls Softball,145026,
Stoughton High School,WI,Girls Swimming & Diving,144531,
Stoughton High School,WI,Girls Tennis,144632,
Stoughton High School,WI,Girls Track and Field,145789,
Stoughton High School,WI,Girls Volleyball,143698,
Stoughton High School,WI,Girls Wrestling,147277,
Sturgeon Bay High School,WI,Boys Baseball,141122,
Sturgeon Bay High School,WI,Boys Basketball,141520,
Sturgeon Bay High School,WI,Boys Cross Country,143471,
Sturgeon Bay High School,WI,Boys Football,147151,
Sturgeon Bay High School,WI,Boys Golf,142367,
Sturgeon Bay High School,WI,Boys Soccer,142885,
Sturgeon Bay High School,WI,Boys Track and Field,145543,
Sturgeon Bay High School,WI,Boys Wrestling,139955,
Sturgeon Bay High School,WI,Girls Basketball,141968,
Sturgeon Bay High School,WI,Girls Cross Country,143129,
Sturgeon Bay High School,WI,Girls Golf,147011,
Sturgeon Bay High School,WI,Girls Soccer,144456,
Sturgeon Bay High School,WI,Girls Softball,145179,
Sturgeon Bay High School,WI,Girls Swimming & Diving,139199,
Sturgeon Bay High School,WI,Girls Track and Field,145926,
Sturgeon Bay High School,WI,Girls Volleyball,143819,
Sturgeon Bay High School,WI,Girls Wrestling,140032,
Sun Prairie East High School,WI,Boys Baseball,141037,
Sun Prairie East High School,WI,Boys Basketball,141350,
Sun Prairie East High School,WI,Boys Cross Country,143361,
Sun Prairie East High School,WI,Boys Football,146344,
Sun Prairie East High School,WI,Boys Golf,142262,
Sun Prairie East High School,WI,Boys Hockey,155570,
Sun Prairie East High School,WI,Boys Lacrosse-Boys,140752,
Sun Prairie East High School,WI,Boys Soccer,142727,
Sun Prairie East High School,WI,Boys Swimming & Diving,142489,
Sun Prairie East High School,WI,Boys Tennis,155801,
Sun Prairie East High School,WI,Boys Track and Field,145404,
Sun Prairie East High School,WI,Boys Wrestling,153858,
Sun Prairie East High School,WI,Girls Basketball,141799,
Sun Prairie East High School,WI,Girls Cross Country,143022,
Sun Prairie East High School,WI,Girls Golf,144199,
Sun Prairie East High School,WI,Girls Lacrosse-Girls,140789,
Sun Prairie East High School,WI,Girls Soccer,144302,
Sun Prairie East High School,WI,Girls Softball,145027,
Sun Prairie East High School,WI,Girls Swimming & Diving,144497,
Sun Prairie East High School,WI,Girls Tennis,144633,
Sun Prairie East High School,WI,Girls Track and Field,145790,
Sun Prairie East High School,WI,Girls Volleyball,143699,
Sun Prairie East High School,WI,Girls Wrestling,153861,
Sun Prairie West High School,WI,Boys Baseball,147357,
Sun Prairie West High School,WI,Boys Basketball,147358,
Sun Prairie West High School,WI,Boys Cross Country,147362,
Sun Prairie West High School,WI,Boys Football,147363,
Sun Prairie West High School,WI,Boys Golf,147359,
Sun Prairie West High School,WI,Boys Soccer,147364,
Sun Prairie West High School,WI,Boys Swimming & Diving,147360,
Sun Prairie West High School,WI,Boys Tennis,155802,
Sun Prairie West High School,WI,Boys Track and Field,147361,
Sun Prairie West High School,WI,Boys Volleyball,139236,
Sun Prairie West High School,WI,Boys Wrestling,153859,
Sun Prairie West High School,WI,Girls Basketball,147365,
Sun Prairie West High School,WI,Girls Cross Country,147366,
Sun Prairie West High School,WI,Girls Golf,147367,
Sun Prairie West High School,WI,Girls Gymnastics,155334,
Sun Prairie West High School,WI,Girls Hockey,155613,
Sun Prairie West High School,WI,Girls Soccer,147368,
Sun Prairie West High School,WI,Girls Softball,147369,
Sun Prairie West High School,WI,Girls Swimming & Diving,147370,
Sun Prairie West High School,WI,Girls Tennis,147371,
Sun Prairie West High School,WI,Girls Track and Field,147372,
Sun Prairie West High School,WI,Girls Volleyball,147373,
Sun Prairie West High School,WI,Girls Wrestling,153860,
Tomah High School,WI,Boys Baseball,141039,
Tomah High School,WI,Boys Basketball,141429,
Tomah High School,WI,Boys Cross Country,143363,
Tomah High School,WI,Boys Football,146347,
Tomah High School,WI,Boys Golf,142264,
Tomah High School,WI,Boys Hockey,155572,
Tomah High School,WI,Boys Soccer,142778,
Tomah High School,WI,Boys Tennis,142605,
Tomah High School,WI,Boys Track and Field,145406,
Tomah High School,WI,Boys Wrestling,144795,
Tomah High School,WI,Girls Basketball,141877,
Tomah High School,WI,Girls Cross Country,143024,
Tomah High School,WI,Girls Golf,144201,
Tomah High School,WI,Girls Gymnastics,144091,
Tomah High School,WI,Girls Soccer,144354,
Tomah High School,WI,Girls Softball,145029,
Tomah High School,WI,Girls Tennis,144635,
Tomah High School,WI,Girls Track and Field,145792,
Tomah High School,WI,Girls Volleyball,143701,
Tomah High School,WI,Girls Wrestling,149585,
Tri-County High School,WI,Boys Baseball,141283,
Tri-County High School,WI,Boys Basketball,141729,
Tri-County High School,WI,Boys Cross Country,147092,
Tri-County High School,WI,Boys Football 8-Player,147018,
Tri-County High School,WI,Boys Soccer,142887,
Tri-County High School,WI,Boys Track and Field,145676,
Tri-County High School,WI,Boys Wrestling,144942,
Tri-County High School,WI,Girls Basketball,142164,
Tri-County High School,WI,Girls Cross Country,147093,
Tri-County High School,WI,Girls Softball,145249,
Tri-County High School,WI,Girls Track and Field,146058,
Tri-County High School,WI,Girls Volleyball,143942,
Tri-County High School,WI,Girls Wrestling,152291,
Two Rivers High School,WI,Boys Baseball,141125,
Two Rivers High School,WI,Boys Basketball,141522,
Two Rivers High School,WI,Boys Cross Country,143474,
Two Rivers High School,WI,Boys Football,146351,
Two Rivers High School,WI,Boys Golf,149239,
Two Rivers High School,WI,Boys Swimming & Diving,155380,
Two Rivers High School,WI,Boys Tennis,142673,
Two Rivers High School,WI,Boys Track and Field,145547,
Two Rivers High School,WI,Boys Wrestling,144863,
Two Rivers High School,WI,Girls Basketball,141970,
Two Rivers High School,WI,Girls Cross Country,143132,
Two Rivers High School,WI,Girls Softball,145108,
Two Rivers High School,WI,Girls Swimming & Diving,154643,
Two Rivers High School,WI,Girls Track and Field,145930,
Two Rivers High School,WI,Girls Volleyball,143822,
Two Rivers High School,WI,Girls Wrestling,149599,
Union Grove High School,WI,Boys Baseball,141040,
Union Grove High School,WI,Boys Basketball,155647,
Union Grove High School,WI,Boys Cross Country,143364,
Union Grove High School,WI,Boys Football,146352,
Union Grove High School,WI,Boys Golf,142265,
Union Grove High School,WI,Boys Soccer,142779,
Union Grove High School,WI,Boys Tennis,142606,
Union Grove High School,WI,Boys Track and Field,145407,
Union Grove High School,WI,Boys Volleyball,142926,
Union Grove High School,WI,Boys Wrestling,144796,
Union Grove High School,WI,Girls Basketball,141878,
Union Grove High School,WI,Girls Cross Country,143025,
Union Grove High School,WI,Girls Golf,144202,
Union Grove High School,WI,Girls Soccer,144355,
Union Grove High School,WI,Girls Softball,145030,
Union Grove High School,WI,Girls Tennis,144636,
Union Grove High School,WI,Girls Track and Field,145793,
Union Grove High School,WI,Girls Volleyball,143702,
Union Grove High School,WI,Girls Wrestling,154044,
Valders High School,WI,Boys Baseball,141127,
Valders High School,WI,Boys Basketball,141525,
Valders High School,WI,Boys Cross Country,143476,
Valders High School,WI,Boys Football,146355,
Valders High School,WI,Boys Golf,142371,
Valders High School,WI,Boys Track and Field,145550,
Valders High School,WI,Boys Wrestling,144864,
Valders High School,WI,Girls Basketball,141973,
Valders High School,WI,Girls Cross Country,143134,
Valders High School,WI,Girls Gymnastics,155336,
Valders High School,WI,Girls Soccer,144459,
Valders High School,WI,Girls Softball,145182,
Valders High School,WI,Girls Track and Field,145933,
Valders High School,WI,Girls Volleyball,143824,
Valders High School,WI,Girls Wrestling,153962,
Verona Area High School,WI,Boys Baseball,141041,
Verona Area High School,WI,Boys Basketball,141352,
Verona Area High School,WI,Boys Cross Country,143365,
Verona Area High School,WI,Boys Football,146356,
Verona Area High School,WI,Boys Golf,142266,
Verona Area High School,WI,Boys Hockey,144121,
Verona Area High School,WI,Boys Lacrosse-Boys,140754,
Verona Area High School,WI,Boys Soccer,142729,
Verona Area High School,WI,Boys Swimming & Diving,147437,
Verona Area High School,WI,Boys Tennis,142607,
Verona Area High School,WI,Boys Track and Field,145408,
Verona Area High School,WI,Boys Wrestling,144797,
Verona Area High School,WI,Girls Basketball,141801,
Verona Area High School,WI,Girls Cross Country,143026,
Verona Area High School,WI,Girls Golf,144203,
Verona Area High School,WI,Girls Gymnastics,155136,
Verona Area High School,WI,Girls Lacrosse-Girls,140791,
Verona Area High School,WI,Girls Soccer,144304,
Verona Area High School,WI,Girls Softball,145031,
Verona Area High School,WI,Girls Swimming & Diving,147438,
Verona Area High School,WI,Girls Tennis,144637,
Verona Area High School,WI,Girls Track and Field,145794,
Verona Area High School,WI,Girls Volleyball,143703,
Verona Area High School,WI,Girls Wrestling,150699,
Viroqua High School,WI,Boys Baseball,141128,
Viroqua High School,WI,Boys Basketball,141526,
Viroqua High School,WI,Boys Cross Country,143477,
Viroqua High School,WI,Boys Football,146357,
Viroqua High School,WI,Boys Hockey,155574,
Viroqua High School,WI,Boys Tennis,156168,
Viroqua High School,WI,Boys Track and Field,156193,
Viroqua High School,WI,Boys Wrestling,144865,
Viroqua High School,WI,Girls Basketball,141974,
Viroqua High School,WI,Girls Cross Country,143135,
Viroqua High School,WI,Girls Hockey,155617,
Viroqua High School,WI,Girls Softball,155671,
Viroqua High School,WI,Girls Tennis,144708,
Viroqua High School,WI,Girls Track and Field,156224,
Viroqua High School,WI,Girls Volleyball,143944,
Viroqua High School,WI,Girls Wrestling,147594,
Waterford High School,WI,Boys Baseball,141042,
Waterford High School,WI,Boys Basketball,141430,
Waterford High School,WI,Boys Cross Country,143366,
Waterford High School,WI,Boys Football,146358,
Waterford High School,WI,Boys Golf,142267,
Waterford High School,WI,Boys Soccer,142780,
Waterford High School,WI,Boys Tennis,142608,
Waterford High School,WI,Boys Track and Field,145409,
Waterford High School,WI,Boys Volleyball,150124,
Waterford High School,WI,Boys Wrestling,144798,
Waterford High School,WI,Girls Basketball,141879,
Waterford High School,WI,Girls Cross Country,143027,
Waterford High School,WI,Girls Golf,144204,
Waterford High School,WI,Girls Gymnastics,144092,
Waterford High School,WI,Girls Soccer,144356,
Waterford High School,WI,Girls Softball,145032,
Waterford High School,WI,Girls Tennis,144638,
Waterford High School,WI,Girls Track and Field,145795,
Waterford High School,WI,Girls Volleyball,143704,
Waterford High School,WI,Girls Wrestling,153877,
Waterloo High School,WI,Boys Baseball,141219,
Waterloo High School,WI,Boys Basketball,141623,
Waterloo High School,WI,Boys Cross Country,143604,
Waterloo High School,WI,Boys Football,146359,
Waterloo High School,WI,Boys Track and Field,145551,
Waterloo High School,WI,Boys Wrestling,144944,
Waterloo High School,WI,Girls Basketball,142070,
Waterloo High School,WI,Girls Cross Country,143263,
Waterloo High School,WI,Girls Softball,145183,
Waterloo High School,WI,Girls Track and Field,145934,
Waterloo High School,WI,Girls Volleyball,143946,
Waterloo High School,WI,Girls Wrestling,150776,
Watertown High School,WI,Boys Baseball,141043,
Watertown High School,WI,Boys Basketball,141353,
Watertown High School,WI,Boys Cross Country,143367,
Watertown High School,WI,Boys Football,146360,
Watertown High School,WI,Boys Golf,142268,
Watertown High School,WI,Boys Lacrosse-Boys,153958,
Watertown High School,WI,Boys Soccer,142730,
Watertown High School,WI,Boys Swimming & Diving,142490,
Watertown High School,WI,Boys Tennis,142609,
Watertown High School,WI,Boys Track and Field,145410,
Watertown High School,WI,Boys Wrestling,144799,
Watertown High School,WI,Girls Basketball,141802,
Watertown High School,WI,Girls Cross Country,143028,
Watertown High School,WI,Girls Golf,144205,
Watertown High School,WI,Girls Gymnastics,144077,
Watertown High School,WI,Girls Lacrosse-Girls,153940,
Watertown High School,WI,Girls Soccer,144305,
Watertown High School,WI,Girls Softball,145033,
Watertown High School,WI,Girls Swimming & Diving,144499,
Watertown High School,WI,Girls Tennis,144639,
Watertown High School,WI,Girls Track and Field,145796,
Watertown High School,WI,Girls Volleyball,143705,
Watertown High School,WI,Girls Wrestling,147716,
Watertown Luther Prep High School,WI,Boys Baseball,141129,
Watertown Luther Prep High School,WI,Boys Basketball,141527,
Watertown Luther Prep High School,WI,Boys Cross Country,143478,
Watertown Luther Prep High School,WI,Boys Football,146361,
Watertown Luther Prep High School,WI,Boys Golf,142372,
Watertown Luther Prep High School,WI,Boys Soccer,142889,
Watertown Luther Prep High School,WI,Boys Tennis,142676,
Watertown Luther Prep High School,WI,Boys Track and Field,145552,
Watertown Luther Prep High School,WI,Boys Wrestling,146879,
Watertown Luther Prep High School,WI,Girls Basketball,141975,
Watertown Luther Prep High School,WI,Girls Cross Country,143136,
Watertown Luther Prep High School,WI,Girls Soccer,146737,
Watertown Luther Prep High School,WI,Girls Softball,146955,
Watertown Luther Prep High School,WI,Girls Tennis,144709,
Watertown Luther Prep High School,WI,Girls Track and Field,145935,
Watertown Luther Prep High School,WI,Girls Volleyball,143825,
Waukesha North High School,WI,Boys Baseball,146910,
Waukesha North High School,WI,Boys Basketball,141431,
Waukesha North High School,WI,Boys Cross Country,143368,
Waukesha North High School,WI,Boys Football,146362,
Waukesha North High School,WI,Boys Golf,146961,
Waukesha North High School,WI,Boys Hockey,140076,
Waukesha North High School,WI,Boys Soccer,142781,
Waukesha North High School,WI,Boys Swimming & Diving,155382,
Waukesha North High School,WI,Boys Tennis,142610,
Waukesha North High School,WI,Boys Track and Field,145411,
Waukesha North High School,WI,Boys Wrestling,146946,
Waukesha North High School,WI,Girls Basketball,139796,
Waukesha North High School,WI,Girls Cross Country,143029,
Waukesha North High School,WI,Girls Gymnastics,155337,
Waukesha North High School,WI,Girls Soccer,144357,
Waukesha North High School,WI,Girls Softball,145034,
Waukesha North High School,WI,Girls Swimming & Diving,154645,
Waukesha North High School,WI,Girls Tennis,144640,
Waukesha North High School,WI,Girls Track and Field,145797,
Waukesha North High School,WI,Girls Volleyball,143706,
Waukesha North High School,WI,Girls Wrestling,153878,
Waukesha South High School,WI,Boys Baseball,146892,
Waukesha South High School,WI,Boys Basketball,141354,
Waukesha South High School,WI,Boys Cross Country,143369,
Waukesha South High School,WI,Boys Football,146363,
Waukesha South High School,WI,Boys Golf,146962,
Waukesha South High School,WI,Boys Soccer,142731,
Waukesha South High School,WI,Boys Swimming & Diving,155384,
Waukesha South High School,WI,Boys Tennis,142611,
Waukesha South High School,WI,Boys Track and Field,145412,
Waukesha South High School,WI,Boys Volleyball,139238,
Waukesha South High School,WI,Boys Wrestling,146944,
Waukesha South High School,WI,Girls Cross Country,143030,
Waukesha South High School,WI,Girls Golf,139104,
Waukesha South High School,WI,Girls Soccer,144306,
Waukesha South High School,WI,Girls Softball,145035,
Waukesha South High School,WI,Girls Swimming & Diving,154647,
Waukesha South High School,WI,Girls Tennis,144641,
Waukesha South High School,WI,Girls Track and Field,145798,
Waukesha South High School,WI,Girls Volleyball,143707,
Waukesha South High School,WI,Girls Wrestling,153893,
Waukesha West High School,WI,Boys Baseball,146912,
Waukesha West High School,WI,Boys Basketball,141355,
Waukesha West High School,WI,Boys Cross Country,143370,
Waukesha West High School,WI,Boys Football,146364,
Waukesha West High School,WI,Boys Golf,146963,
Waukesha West High School,WI,Boys Lacrosse-Boys,140756,
Waukesha West High School,WI,Boys Soccer,142782,
Waukesha West High School,WI,Boys Swimming & Diving,155386,
Waukesha West High School,WI,Boys Tennis,142612,
Waukesha West High School,WI,Boys Track and Field,145413,
Waukesha West High School,WI,Boys Volleyball,142927,
Waukesha West High School,WI,Boys Wrestling,146945,
Waukesha West High School,WI,Girls Basketball,141803,
Waukesha West High School,WI,Girls Cross Country,143031,
Waukesha West High School,WI,Girls Gymnastics,155339,
Waukesha West High School,WI,Girls Lacrosse-Girls,140793,
Waukesha West High School,WI,Girls Soccer,144358,
Waukesha West High School,WI,Girls Softball,145036,
Waukesha West High School,WI,Girls Swimming & Diving,154649,
Waukesha West High School,WI,Girls Tennis,144642,
Waukesha West High School,WI,Girls Track and Field,145799,
Waukesha West High School,WI,Girls Volleyball,143708,
Waukesha West High School,WI,Girls Wrestling,147273,
Waunakee School District,WI,Boys Baseball,141044,
Waunakee School District,WI,Boys Basketball,141432,
Waunakee School District,WI,Boys Cross Country,143371,
Waunakee School District,WI,Boys Football,146365,
Waunakee School District,WI,Boys Golf,142269,
Waunakee School District,WI,Boys Hockey,144122,
Waunakee School District,WI,Boys Lacrosse-Boys,153959,
Waunakee School District,WI,Boys Soccer,142783,
Waunakee School District,WI,Boys Swimming & Diving,142491,
Waunakee School District,WI,Boys Tennis,142613,
Waunakee School District,WI,Boys Track and Field,145414,
Waunakee School District,WI,Boys Volleyball,153984,
Waunakee School District,WI,Boys Wrestling,144800,
Waunakee School District,WI,Girls Basketball,141880,
Waunakee School District,WI,Girls Cross Country,143032,
Waunakee School District,WI,Girls Golf,144206,
Waunakee School District,WI,Girls Gymnastics,155340,
Waunakee School District,WI,Girls Lacrosse-Girls,153941,
Waunakee School District,WI,Girls Soccer,144359,
Waunakee School District,WI,Girls Softball,145037,
Waunakee School District,WI,Girls Swimming & Diving,144500,
Waunakee School District,WI,Girls Tennis,144643,
Waunakee School District,WI,Girls Track and Field,145800,
Waunakee School District,WI,Girls Volleyball,143709,
Waunakee School District,WI,Girls Wrestling,147578,
Waupaca High School,WI,Boys Baseball,141130,
Waupaca High School,WI,Boys Basketball,141433,
Waupaca High School,WI,Boys Cross Country,143479,
Waupaca High School,WI,Boys Football,146366,
Waupaca High School,WI,Boys Golf,142373,
Waupaca High School,WI,Boys Hockey,144123,
Waupaca High School,WI,Boys Soccer,142840,
Waupaca High School,WI,Boys Track and Field,145553,
Waupaca High School,WI,Boys Wrestling,144866,
Waupaca High School,WI,Girls Basketball,141881,
Waupaca High School,WI,Girls Cross Country,143137,
Waupaca High School,WI,Girls Golf,144207,
Waupaca High School,WI,Girls Soccer,144413,
Waupaca High School,WI,Girls Softball,145109,
Waupaca High School,WI,Girls Track and Field,145936,
Waupaca High School,WI,Girls Volleyball,143826,
Waupaca High School,WI,Girls Wrestling,153872,
Waupun High School,WI,Boys Baseball,141131,
Waupun High School,WI,Boys Basketball,141528,
Waupun High School,WI,Boys Cross Country,143480,
Waupun High School,WI,Boys Football,146367,
Waupun High School,WI,Boys Golf,142374,
Waupun High School,WI,Boys Hockey,144124,
Waupun High School,WI,Boys Soccer,142841,
Waupun High School,WI,Boys Tennis,142677,
Waupun High School,WI,Boys Track and Field,145554,
Waupun High School,WI,Boys Wrestling,144867,
Waupun High School,WI,Girls Basketball,141976,
Waupun High School,WI,Girls Cross Country,143138,
Waupun High School,WI,Girls Gymnastics,144093,
Waupun High School,WI,Girls Soccer,144414,
Waupun High School,WI,Girls Softball,145110,
Waupun High School,WI,Girls Tennis,144710,
Waupun High School,WI,Girls Track and Field,145937,
Waupun High School,WI,Girls Volleyball,143827,
Waupun High School,WI,Girls Wrestling,153848,
Wausau East High School,WI,Boys Baseball,141045,
Wausau East High School,WI,Boys Basketball,141434,
Wausau East High School,WI,Boys Cross Country,143372,
Wausau East High School,WI,Boys Football,146368,
Wausau East High School,WI,Boys Golf,142270,
Wausau East High School,WI,Boys Soccer,142784,
Wausau East High School,WI,Boys Swimming & Diving,154028,
Wausau East High School,WI,Boys Tennis,142614,
Wausau East High School,WI,Boys Track and Field,145415,
Wausau East High School,WI,Boys Wrestling,144801,
Wausau East High School,WI,Girls Basketball,141882,
Wausau East High School,WI,Girls Cross Country,143033,
Wausau East High School,WI,Girls Golf,154548,
Wausau East High School,WI,Girls Lacrosse-Girls,156066,
Wausau East High School,WI,Girls Soccer,144360,
Wausau East High School,WI,Girls Softball,145038,
Wausau East High School,WI,Girls Swimming & Diving,144501,
Wausau East High School,WI,Girls Tennis,144644,
Wausau East High School,WI,Girls Track and Field,145801,
Wausau East High School,WI,Girls Volleyball,143710,
Wausau East High School,WI,Girls Wrestling,153969,
Wausau West High School,WI,Boys Baseball,141046,
Wausau West High School,WI,Boys Basketball,141356,
Wausau West High School,WI,Boys Cross Country,143373,
Wausau West High School,WI,Boys Football,146369,
Wausau West High School,WI,Boys Golf,142271,
Wausau West High School,WI,Boys Hockey,144125,
Wausau West High School,WI,Boys Lacrosse-Boys,156058,
Wausau West High School,WI,Boys Soccer,142732,
Wausau West High School,WI,Boys Tennis,142615,
Wausau West High School,WI,Boys Track and Field,145416,
Wausau West High School,WI,Boys Wrestling,144802,
Wausau West High School,WI,Girls Basketball,141804,
Wausau West High School,WI,Girls Cross Country,143034,
Wausau West High School,WI,Girls Soccer,144307,
Wausau West High School,WI,Girls Softball,145039,
Wausau West High School,WI,Girls Swimming & Diving,144502,
Wausau West High School,WI,Girls Tennis,144645,
Wausau West High School,WI,Girls Track and Field,145802,
Wausau West High School,WI,Girls Volleyball,143711,
Wausau West High School,WI,Girls Wrestling,149468,
Wautoma High School,WI,Boys Baseball,141132,
Wautoma High School,WI,Boys Basketball,141529,
Wautoma High School,WI,Boys Cross Country,154485,
Wautoma High School,WI,Boys Football,146370,
Wautoma High School,WI,Boys Golf,156045,
Wautoma High School,WI,Boys Soccer,154583,
Wautoma High School,WI,Boys Track and Field,146967,
Wautoma High School,WI,Boys Wrestling,155450,
Wautoma High School,WI,Girls Basketball,141977,
Wautoma High School,WI,Girls Cross Country,154530,
Wautoma High School,WI,Girls Soccer,156105,
Wautoma High School,WI,Girls Softball,145184,
Wautoma High School,WI,Girls Track and Field,146968,
Wautoma High School,WI,Girls Volleyball,143828,
Wautoma High School,WI,Girls Wrestling,155507,
Wauwatosa West High School,WI,Boys Baseball,146933,
Wauwatosa West High School,WI,Boys Basketball,141436,
Wauwatosa West High School,WI,Boys Cross Country,143375,
Wauwatosa West High School,WI,Boys Football,146372,
Wauwatosa West High School,WI,Boys Lacrosse-Boys,140758,
Wauwatosa West High School,WI,Boys Soccer,142786,
Wauwatosa West High School,WI,Boys Swimming & Diving,155388,
Wauwatosa West High School,WI,Boys Tennis,142617,
Wauwatosa West High School,WI,Boys Track and Field,145418,
Wauwatosa West High School,WI,Boys Volleyball,142929,
Wauwatosa West High School,WI,Boys Wrestling,155452,
Wauwatosa West High School,WI,Girls Basketball,141884,
Wauwatosa West High School,WI,Girls Cross Country,143036,
Wauwatosa West High School,WI,Girls Soccer,144362,
Wauwatosa West High School,WI,Girls Softball,145041,
Wauwatosa West High School,WI,Girls Swimming & Diving,144533,
Wauwatosa West High School,WI,Girls Tennis,144647,
Wauwatosa West High School,WI,Girls Track and Field,145804,
Wauwatosa West High School,WI,Girls Volleyball,143713,
Wauwatosa West High School,WI,Girls Wrestling,155509,
Wauzeka-Stueben High School,WI,Boys Baseball,141285,
Wauzeka-Stueben High School,WI,Boys Basketball,141733,
Wauzeka-Stueben High School,WI,Boys Cross Country,143605,
Wauzeka-Stueben High School,WI,Boys Football,154190,
Wauzeka-Stueben High School,WI,Boys Track and Field,145680,
Wauzeka-Stueben High School,WI,Girls Basketball,142167,
Wauzeka-Stueben High School,WI,Girls Cross Country,143264,
Wauzeka-Stueben High School,WI,Girls Softball,145300,
Wauzeka-Stueben High School,WI,Girls Track and Field,146061,
Wauzeka-Stueben High School,WI,Girls Volleyball,144055,
Wayland Academy High School,WI,Boys Baseball,146770,
Wayland Academy High School,WI,Boys Basketball,141624,
Wayland Academy High School,WI,Boys Cross Country,143606,
Wayland Academy High School,WI,Boys Football 8-Player,149563,
Wayland Academy High School,WI,Boys Golf,140556,
Wayland Academy High School,WI,Boys Lacrosse-Boys,154229,
Wayland Academy High School,WI,Boys Soccer,142890,
Wayland Academy High School,WI,Boys Swimming & Diving,153843,
Wayland Academy High School,WI,Boys Tennis,142678,
Wayland Academy High School,WI,Boys Track and Field,145681,
Wayland Academy High School,WI,Boys Wrestling,152320,
Wayland Academy High School,WI,Girls Basketball,142071,
Wayland Academy High School,WI,Girls Cross Country,143265,
Wayland Academy High School,WI,Girls Soccer,146769,
Wayland Academy High School,WI,Girls Softball,145250,
Wayland Academy High School,WI,Girls Tennis,144711,
Wayland Academy High School,WI,Girls Track and Field,146062,
Wayland Academy High School,WI,Girls Volleyball,143947,
Wayland Academy High School,WI,Girls Wrestling,152323,
West Bend East High School,WI,Boys Baseball,146918,
West Bend East High School,WI,Boys Basketball,141437,
West Bend East High School,WI,Boys Cross Country,143378,
West Bend East High School,WI,Boys Football,146376,
West Bend East High School,WI,Boys Golf,142274,
West Bend East High School,WI,Boys Soccer,142787,
West Bend East High School,WI,Boys Tennis,142618,
West Bend East High School,WI,Boys Track and Field,145421,
West Bend East High School,WI,Girls Basketball,141885,
West Bend East High School,WI,Girls Cross Country,143039,
West Bend East High School,WI,Girls Softball,145042,
West Bend East High School,WI,Girls Tennis,144648,
West Bend East High School,WI,Girls Track and Field,145807,
West Bend East High School,WI,Girls Volleyball,143716,
West Bend West High School,WI,Boys Baseball,146939,
West Bend West High School,WI,Boys Basketball,141438,
West Bend West High School,WI,Boys Cross Country,143379,
West Bend West High School,WI,Boys Football,146377,
West Bend West High School,WI,Boys Golf,142275,
West Bend West High School,WI,Boys Hockey,155576,
West Bend West High School,WI,Boys Lacrosse-Boys,140760,
West Bend West High School,WI,Boys Soccer,142788,
West Bend West High School,WI,Boys Swimming & Diving,155390,
West Bend West High School,WI,Boys Tennis,142619,
West Bend West High School,WI,Boys Track and Field,145422,
West Bend West High School,WI,Boys Wrestling,139960,
West Bend West High School,WI,Girls Basketball,141886,
West Bend West High School,WI,Girls Cross Country,143040,
West Bend West High School,WI,Girls Golf,154550,
West Bend West High School,WI,Girls Gymnastics,155342,
West Bend West High School,WI,Girls Lacrosse-Girls,140797,
West Bend West High School,WI,Girls Soccer,156107,
West Bend West High School,WI,Girls Softball,145043,
West Bend West High School,WI,Girls Swimming & Diving,139201,
West Bend West High School,WI,Girls Tennis,144649,
West Bend West High School,WI,Girls Track and Field,145808,
West Bend West High School,WI,Girls Volleyball,143717,
West Bend West High School,WI,Girls Wrestling,140036,
West De Pere High School,WI,Boys Baseball,141047,
West De Pere High School,WI,Boys Basketball,141439,
West De Pere High School,WI,Boys Cross Country,143380,
West De Pere High School,WI,Boys Football,146378,
West De Pere High School,WI,Boys Golf,142276,
West De Pere High School,WI,Boys Soccer,142789,
West De Pere High School,WI,Boys Tennis,142620,
West De Pere High School,WI,Boys Track and Field,145423,
West De Pere High School,WI,Boys Wrestling,144805,
West De Pere High School,WI,Girls Basketball,141887,
West De Pere High School,WI,Girls Cross Country,143041,
West De Pere High School,WI,Girls Golf,144208,
West De Pere High School,WI,Girls Soccer,144363,
West De Pere High School,WI,Girls Softball,145111,
West De Pere High School,WI,Girls Tennis,144650,
West De Pere High School,WI,Girls Track and Field,145809,
West De Pere High School,WI,Girls Volleyball,143718,
West De Pere High School,WI,Girls Wrestling,147569,
West Salem High School,WI,Boys Baseball,141133,
West Salem High School,WI,Boys Basketball,141530,
West Salem High School,WI,Boys Cross Country,143481,
West Salem High School,WI,Boys Football,146379,
West Salem High School,WI,Boys Golf,142375,
West Salem High School,WI,Boys Hockey,155578,
West Salem High School,WI,Boys Soccer,142842,
West Salem High School,WI,Boys Tennis,146951,
West Salem High School,WI,Boys Track and Field,145555,
West Salem High School,WI,Boys Wrestling,139962,
West Salem High School,WI,Girls Basketball,141978,
West Salem High School,WI,Girls Cross Country,143139,
West Salem High School,WI,Girls Gymnastics,155343,
West Salem High School,WI,Girls Hockey,140107,
West Salem High School,WI,Girls Soccer,144415,
West Salem High School,WI,Girls Softball,145112,
West Salem High School,WI,Girls Tennis,144712,
West Salem High School,WI,Girls Track and Field,145938,
West Salem High School,WI,Girls Volleyball,143829,
West Salem High School,WI,Girls Wrestling,140038,
Westby High School,WI,Boys Baseball,141134,
Westby High School,WI,Boys Basketball,141531,
Westby High School,WI,Boys Cross Country,143482,
Westby High School,WI,Boys Football,146380,
Westby High School,WI,Boys Golf,156047,
Westby High School,WI,Boys Track and Field,145556,
Westby High School,WI,Boys Wrestling,144945,
Westby High School,WI,Girls Basketball,141979,
Westby High School,WI,Girls Cross Country,143140,
Westby High School,WI,Girls Golf,139108,
Westby High School,WI,Girls Gymnastics,155344,
Westby High School,WI,Girls Softball,145185,
Westby High School,WI,Girls Track and Field,145939,
Westby High School,WI,Girls Volleyball,143948,
Westby High School,WI,Girls Wrestling,149584,
Westfield High School,WI,Boys Baseball,141135,
Westfield High School,WI,Boys Basketball,141532,
Westfield High School,WI,Boys Cross Country,143483,
Westfield High School,WI,Boys Football,146288,
Westfield High School,WI,Boys Golf,142376,
Westfield High School,WI,Boys Track and Field,155939,
Westfield High School,WI,Boys Wrestling,144868,
Westfield High School,WI,Girls Basketball,141980,
Westfield High School,WI,Girls Cross Country,143141,
Westfield High School,WI,Girls Softball,145186,
Westfield High School,WI,Girls Track and Field,155938,
Westfield High School,WI,Girls Volleyball,143949,
Westfield High School,WI,Girls Wrestling,153890,
Weston High School,WI,Boys Baseball,141287,
Weston High School,WI,Boys Basketball,141735,
Weston High School,WI,Boys Cross Country,153078,
Weston High School,WI,Girls Basketball,139797,
Weston High School,WI,Girls Cross Country,153077,
Weston High School,WI,Girls Volleyball,144057,
Westosha Central High School,WI,Boys Baseball,141048,
Westosha Central High School,WI,Boys Basketball,141440,
Westosha Central High School,WI,Boys Cross Country,143381,
Westosha Central High School,WI,Boys Football,146381,
Westosha Central High School,WI,Boys Golf,142277,
Westosha Central High School,WI,Boys Lacrosse-Boys,140762,
Westosha Central High School,WI,Boys Soccer,142790,
Westosha Central High School,WI,Boys Tennis,142621,
Westosha Central High School,WI,Boys Track and Field,145424,
Westosha Central High School,WI,Boys Volleyball,142930,
Westosha Central High School,WI,Boys Wrestling,144806,
Westosha Central High School,WI,Girls Basketball,141888,
Westosha Central High School,WI,Girls Cross Country,143042,
Westosha Central High School,WI,Girls Golf,147116,
Westosha Central High School,WI,Girls Soccer,144364,
Westosha Central High School,WI,Girls Softball,145044,
Westosha Central High School,WI,Girls Tennis,144651,
Westosha Central High School,WI,Girls Track and Field,145810,
Westosha Central High School,WI,Girls Volleyball,143719,
Westosha Central High School,WI,Girls Wrestling,153888,
Weyauwega-Fremont High School,WI,Boys Baseball,141220,
Weyauwega-Fremont High School,WI,Boys Basketball,141625,
Weyauwega-Fremont High School,WI,Boys Cross Country,143608,
Weyauwega-Fremont High School,WI,Boys Football,146382,
Weyauwega-Fremont High School,WI,Boys Golf,142460,
Weyauwega-Fremont High School,WI,Boys Track and Field,145557,
Weyauwega-Fremont High School,WI,Boys Wrestling,144946,
Weyauwega-Fremont High School,WI,Girls Basketball,142072,
Weyauwega-Fremont High School,WI,Girls Cross Country,143267,
Weyauwega-Fremont High School,WI,Girls Softball,145187,
Weyauwega-Fremont High School,WI,Girls Track and Field,145940,
Weyauwega-Fremont High School,WI,Girls Volleyball,143950,
Weyauwega-Fremont High School,WI,Girls Wrestling,151326,
Whitewater High School,WI,Boys Baseball,141136,
Whitewater High School,WI,Boys Basketball,141533,
Whitewater High School,WI,Boys Cross Country,143484,
Whitewater High School,WI,Boys Football,146385,
Whitewater High School,WI,Boys Golf,142377,
Whitewater High School,WI,Boys Soccer,142843,
Whitewater High School,WI,Boys Swimming & Diving,142520,
Whitewater High School,WI,Boys Tennis,142679,
Whitewater High School,WI,Boys Track and Field,145558,
Whitewater High School,WI,Boys Wrestling,144869,
Whitewater High School,WI,Girls Basketball,141981,
Whitewater High School,WI,Girls Cross Country,143142,
Whitewater High School,WI,Girls Gymnastics,144095,
Whitewater High School,WI,Girls Soccer,140590,
Whitewater High School,WI,Girls Softball,145113,
Whitewater High School,WI,Girls Swimming & Diving,144535,
Whitewater High School,WI,Girls Tennis,144713,
Whitewater High School,WI,Girls Track and Field,145941,
Whitewater High School,WI,Girls Volleyball,143830,
Whitewater High School,WI,Girls Wrestling,149598,
Whitnall High School,WI,Boys Baseball,146914,
Whitnall High School,WI,Boys Basketball,141442,
Whitnall High School,WI,Boys Cross Country,143383,
Whitnall High School,WI,Boys Football,146386,
Whitnall High School,WI,Boys Golf,142279,
Whitnall High School,WI,Boys Soccer,142792,
Whitnall High School,WI,Boys Swimming & Diving,142521,
Whitnall High School,WI,Boys Tennis,142623,
Whitnall High School,WI,Boys Track and Field,145426,
Whitnall High School,WI,Boys Volleyball,147167,
Whitnall High School,WI,Boys Wrestling,154047,
Whitnall High School,WI,Girls Basketball,141890,
Whitnall High School,WI,Girls Cross Country,143044,
Whitnall High School,WI,Girls Soccer,144366,
Whitnall High School,WI,Girls Softball,145114,
Whitnall High School,WI,Girls Swimming & Diving,144536,
Whitnall High School,WI,Girls Tennis,144653,
Whitnall High School,WI,Girls Track and Field,145812,
Whitnall High School,WI,Girls Volleyball,143831,
Whitnall High School,WI,Girls Wrestling,154048,
Wild Rose High School,WI,Boys Baseball,141289,
Wild Rose High School,WI,Boys Basketball,141737,
Wild Rose High School,WI,Boys Football 8-Player,149557,
Wild Rose High School,WI,Boys Track and Field,145684,
Wild Rose High School,WI,Girls Basketball,142169,
Wild Rose High School,WI,Girls Softball,145301,
Wild Rose High School,WI,Girls Track and Field,146065,
Wild Rose High School,WI,Girls Volleyball,144059,
Williams Bay High School,WI,Boys Baseball,141290,
Williams Bay High School,WI,Boys Basketball,141738,
Williams Bay High School,WI,Boys Football 8-Player,147019,
Williams Bay High School,WI,Boys Golf,142462,
Williams Bay High School,WI,Girls Basketball,142170,
Williams Bay High School,WI,Girls Golf,153997,
Williams Bay High School,WI,Girls Softball,145302,
Williams Bay High School,WI,Girls Volleyball,144060,
Wilmot Union High School,WI,Boys Baseball,141049,
Wilmot Union High School,WI,Boys Basketball,141443,
Wilmot Union High School,WI,Boys Cross Country,143384,
Wilmot Union High School,WI,Boys Football,146387,
Wilmot Union High School,WI,Boys Golf,142280,
Wilmot Union High School,WI,Boys Soccer,139149,
Wilmot Union High School,WI,Boys Tennis,142624,
Wilmot Union High School,WI,Boys Track and Field,145427,
Wilmot Union High School,WI,Boys Volleyball,142932,
Wilmot Union High School,WI,Boys Wrestling,144807,
Wilmot Union High School,WI,Girls Basketball,141891,
Wilmot Union High School,WI,Girls Cross Country,143045,
Wilmot Union High School,WI,Girls Golf,144210,
Wilmot Union High School,WI,Girls Gymnastics,155345,
Wilmot Union High School,WI,Girls Soccer,144367,
Wilmot Union High School,WI,Girls Softball,145046,
Wilmot Union High School,WI,Girls Tennis,144654,
Wilmot Union High School,WI,Girls Track and Field,145813,
Wilmot Union High School,WI,Girls Volleyball,143721,
Wilmot Union High School,WI,Girls Wrestling,150707,
Winnebago Lutheran High School,WI,Boys Baseball,141222,
Winnebago Lutheran High School,WI,Boys Basketball,141627,
Winnebago Lutheran High School,WI,Boys Cross Country,143610,
Winnebago Lutheran High School,WI,Boys Football,146388,
Winnebago Lutheran High School,WI,Boys Golf,142463,
Winnebago Lutheran High School,WI,Boys Soccer,142891,
Winnebago Lutheran High School,WI,Boys Track and Field,145559,
Winnebago Lutheran High School,WI,Boys Wrestling,144948,
Winnebago Lutheran High School,WI,Girls Basketball,142074,
Winnebago Lutheran High School,WI,Girls Cross Country,143269,
Winnebago Lutheran High School,WI,Girls Soccer,144460,
Winnebago Lutheran High School,WI,Girls Softball,145188,
Winnebago Lutheran High School,WI,Girls Tennis,154164,
Winnebago Lutheran High School,WI,Girls Track and Field,145942,
Winnebago Lutheran High School,WI,Girls Volleyball,143952,
Winnebago Lutheran High School,WI,Girls Wrestling,147565,
Winneconne High School,WI,Boys Baseball,141137,
Winneconne High School,WI,Boys Basketball,141534,
Winneconne High School,WI,Boys Cross Country,143485,
Winneconne High School,WI,Boys Football,146389,
Winneconne High School,WI,Boys Golf,142378,
Winneconne High School,WI,Boys Soccer,142844,
Winneconne High School,WI,Boys Track and Field,145560,
Winneconne High School,WI,Boys Wrestling,144870,
Winneconne High School,WI,Girls Basketball,141982,
Winneconne High School,WI,Girls Cross Country,143143,
Winneconne High School,WI,Girls Golf,146980,
Winneconne High School,WI,Girls Soccer,144416,
Winneconne High School,WI,Girls Softball,145115,
Winneconne High School,WI,Girls Track and Field,145943,
Winneconne High School,WI,Girls Volleyball,143832,
Winneconne High School,WI,Girls Wrestling,153879,
Wisconsin Dells High School,WI,Boys Baseball,141138,
Wisconsin Dells High School,WI,Boys Basketball,141535,
Wisconsin Dells High School,WI,Boys Cross Country,143486,
Wisconsin Dells High School,WI,Boys Football,146390,
Wisconsin Dells High School,WI,Boys Golf,142379,
Wisconsin Dells High School,WI,Boys Soccer,142892,
Wisconsin Dells High School,WI,Boys Track and Field,145561,
Wisconsin Dells High School,WI,Boys Wrestling,144871,
Wisconsin Dells High School,WI,Girls Basketball,141983,
Wisconsin Dells High School,WI,Girls Cross Country,143144,
Wisconsin Dells High School,WI,Girls Golf,144252,
Wisconsin Dells High School,WI,Girls Softball,145189,
Wisconsin Dells High School,WI,Girls Track and Field,145944,
Wisconsin Dells High School,WI,Girls Volleyball,143833,
Wisconsin Dells High School,WI,Girls Wrestling,147648,
Wisconsin Heights High School,WI,Boys Baseball,141223,
Wisconsin Heights High School,WI,Boys Basketball,141628,
Wisconsin Heights High School,WI,Boys Cross Country,154487,
Wisconsin Heights High School,WI,Boys Football 8-Player,146503,
Wisconsin Heights High School,WI,Boys Golf,142465,
Wisconsin Heights High School,WI,Boys Soccer,139151,
Wisconsin Heights High School,WI,Boys Track and Field,156198,
Wisconsin Heights High School,WI,Girls Basketball,142075,
Wisconsin Heights High School,WI,Girls Cross Country,154532,
Wisconsin Heights High School,WI,Girls Soccer,140592,
Wisconsin Heights High School,WI,Girls Softball,145252,
Wisconsin Heights High School,WI,Girls Track and Field,156229,
Wisconsin Heights High School,WI,Girls Volleyball,143953,
Wisconsin Rapids High School,WI,Boys Baseball,141050,
Wisconsin Rapids High School,WI,Boys Basketball,141359,
Wisconsin Rapids High School,WI,Boys Cross Country,143385,
Wisconsin Rapids High School,WI,Boys Football,146392,
Wisconsin Rapids High School,WI,Boys Golf,142282,
Wisconsin Rapids High School,WI,Boys Hockey,144126,
Wisconsin Rapids High School,WI,Boys Soccer,142733,
Wisconsin Rapids High School,WI,Boys Swimming & Diving,142492,
Wisconsin Rapids High School,WI,Boys Tennis,142625,
Wisconsin Rapids High School,WI,Boys Track and Field,145429,
Wisconsin Rapids High School,WI,Boys Wrestling,144808,
Wisconsin Rapids High School,WI,Girls Basketball,141807,
Wisconsin Rapids High School,WI,Girls Cross Country,143046,
Wisconsin Rapids High School,WI,Girls Golf,144211,
Wisconsin Rapids High School,WI,Girls Gymnastics,144078,
Wisconsin Rapids High School,WI,Girls Soccer,144310,
Wisconsin Rapids High School,WI,Girls Softball,145047,
Wisconsin Rapids High School,WI,Girls Swimming & Diving,144504,
Wisconsin Rapids High School,WI,Girls Tennis,144655,
Wisconsin Rapids High School,WI,Girls Track and Field,145815,
Wisconsin Rapids High School,WI,Girls Volleyball,143722,
Wisconsin Rapids High School,WI,Girls Wrestling,147270,
Wonewoc-Center High School,WI,Boys Baseball,141291,
Wonewoc-Center High School,WI,Boys Basketball,141740,
Wonewoc-Center High School,WI,Boys Football 8-Player,155120,
Wonewoc-Center High School,WI,Boys Track and Field,145687,
Wonewoc-Center High School,WI,Girls Basketball,142172,
Wonewoc-Center High School,WI,Girls Softball,145303,
Wonewoc-Center High School,WI,Girls Track and Field,146068,
Wonewoc-Center High School,WI,Girls Volleyball,144062,
Xavier High School,WI,Boys Baseball,141141,
Xavier High School,WI,Boys Basketball,141537,
Xavier High School,WI,Boys Cross Country,143489,
Xavier High School,WI,Boys Football,146395,
Xavier High School,WI,Boys Golf,142382,
Xavier High School,WI,Boys Soccer,142847,
Xavier High School,WI,Boys Tennis,142680,
Xavier High School,WI,Boys Track and Field,145564,
Xavier High School,WI,Boys Wrestling,144874,
Xavier High School,WI,Girls Basketball,141985,
Xavier High School,WI,Girls Cross Country,143147,
Xavier High School,WI,Girls Golf,144254,
Xavier High School,WI,Girls Hockey,140110,
Xavier High School,WI,Girls Soccer,144418,
Xavier High School,WI,Girls Softball,145118,
Xavier High School,WI,Girls Tennis,144714,
Xavier High School,WI,Girls Track and Field,145947,
Xavier High School,WI,Girls Volleyball,143836,
Xavier High School,WI,Girls Wrestling,149469,
